param1,param2,param3,labels
0.40429371241892914,0.4045448858530177,0.09543414452578053,0.49522226147911375,0.2764499877527517,0.0
1.0833502606567706,1.1160545848605041,1.1457138808591805,1.1906131560804636,1.0227588346345051,1.0
2.1787525288121827,2.0645080602744192,2.3707642151400674,2.3904477351588764,2.276257718123833,2.0
3.3775108934671647,3.4076070911559344,3.3689255894316172,3.1493339736856294,3.032589708716874,3.0
4.4671061351546095,4.226158744608179,4.354410173075016,4.280741566510141,4.21172985520226,4.0
5.299184562899506,5.483018560077125,5.126503957537947,5.205357652047103,5.029083917171909,5.0
6.448664224050572,6.034117904600312,6.268569593133803,6.212201898915244,6.138790832839165,6.0
7.009272831866297,7.266379573899184,7.4590326982190875,7.34270125160241,7.347331765468686,7.0
8.392898496584325,8.079907350414635,8.494153455407579,8.386304354006024,8.005241754893602,8.0
9.227486047543932,9.487258502909137,9.215753175626398,9.072512137024404,9.043289116964084,9.0
10.451192418463537,10.07965676426186,10.35975909822147,10.152948887628165,10.0465166464477,10.0
11.01081228975842,11.348225447924348,11.227548616052163,11.332848200772194,11.439968143541021,11.0
12.129947625425187,12.47686326528503,12.356005809301774,12.1256569567466,12.224108676393167,12.0
13.029451951812481,13.338888952128459,13.322211833076206,13.400233844342807,13.017051681047027,13.0
14.197325090669118,14.26839456451026,14.067159636059023,14.289690532578307,14.20061141199097,14.0
15.433481534475021,15.190522796104924,15.163235425404185,15.224387941978708,15.151778545009062,15.0
16.185696243628193,16.45323850223958,16.171165970300745,16.336153252299344,16.319957561734874,16.0
17.24053220519628,17.00111647587929,17.47739534918481,17.086751055379306,17.05881364518509,17.0
18.238632654467622,18.108063014471476,18.344692098156216,18.23972553868488,18.091250145103555,18.0
19.436596622102282,19.33369065450603,19.390752718914495,19.015309654222424,19.207351622255374,19.0
20.463919184431088,20.438545844729806,20.42081780126631,20.324281006733568,20.058120359864635,20.0
21.37712642814462,21.48721450717809,21.146941064649567,21.469077041795394,21.08860844473634,21.0
22.35709729534102,22.46302754062129,22.479909528474302,22.20347532186703,22.46736934957889,22.0
23.23415623834107,23.004820743098005,23.27489580237056,23.412793320770533,23.367599282732122,23.0
24.15288328647547,24.424350609865375,24.05570020413674,24.43062676957543,24.09239024327625,24.0
25.435328099381593,25.16949762840935,25.404220561864776,25.21373753529947,25.2990825046717,25.0
26.083967020655756,26.170291817801047,26.34663273693075,26.238899689422375,26.191617260016173,26.0
27.172256803513104,27.390846446183886,27.14331057165321,27.19534200829874,27.335842939899766,27.0
28.042179791155828,28.226121274111822,28.02047884809531,28.110650314871844,28.298179898900592,28.0
29.004167753938383,29.428029681885633,29.223215323191276,29.19688699926685,29.248003825812596,29.0
30.232698733611855,30.150608014147892,30.167909947621002,30.04915660908756,30.15954326319998,30.0
31.281419031123882,31.137139234046913,31.35074576239972,31.01131778813416,31.06522613090613,31.0
32.47730958714847,32.46731968548439,32.21628680338123,32.36194044566804,32.00089138366376,32.0
33.1891318724756,33.47488389550862,33.40469741208402,33.02244242544158,33.13740286199603,33.0
34.16123978843772,34.10377504219136,34.31135412982479,34.13627571319558,34.24618994066528,34.0
35.35920772662107,35.192325128548994,35.46657191940539,35.25113869846834,35.12667085105448,35.0
36.16214944448261,36.13968922574521,36.3498176594763,36.21520103399512,36.283142379240346,36.0
37.36841147035208,37.31838572168737,37.274674773513624,37.1122842696514,37.42271846435809,37.0
38.208536671388096,38.054215390121655,38.00621626231867,38.33539933691649,38.24893665776593,38.0
39.203705498734564,39.29404855197402,39.282804311561314,39.193431730955616,39.40715586914054,39.0
40.006200284320634,40.40095275418157,40.388201224683975,40.26391798030402,40.0697243914416,40.0
41.315096294565635,41.15469760129247,41.28781134098388,41.246391327494464,41.017377378563936,41.0
42.422664658682926,42.043657902193495,42.32914218426914,42.340354107993456,42.301826675068504,42.0
43.3555795966459,43.388773356680055,43.345960496977575,43.353776324680126,43.157176318381396,43.0
44.055676459560374,44.08139087031235,44.22395206844119,44.29269995591538,44.277007619584204,44.0
45.35244095893501,45.13309081815123,45.305368950770855,45.07149346772939,45.28860138495429,45.0
46.063582759032165,46.19368852990002,46.3871601182033,46.01262322442264,46.4578044048407,46.0
47.348969937678476,47.23178676561117,47.08998878977682,47.02204642531716,47.31321698752695,47.0
48.35012443058695,48.02788755859424,48.261882300348994,48.3677373030869,48.08717964292821,48.0
49.03727965796976,49.30134172314907,49.459722276197276,49.29161747688955,49.116755528396155,49.0
50.329116747115386,50.471952137899436,50.2258531677167,50.11606755322408,50.180086808527506,50.0
51.040172025984525,51.26831153721299,51.32720956743812,51.359706293025845,51.35023164323173,51.0
52.17172386078683,52.43416793955801,52.10519888353842,52.38273438334219,52.28407785838967,52.0
53.34718762151462,53.33560351770805,53.19496703496925,53.44002688370106,53.06661758046723,53.0
54.30309975543301,54.124146102695015,54.05142622453488,54.05438219145534,54.14874268324367,54.0
55.39818697650402,55.39609427180765,55.42366704870812,55.05843231968881,55.059481342191354,55.0
56.066106866935655,56.10575806373676,56.13123551769248,56.14380867506847,56.09002160379094,56.0
57.40442848858241,57.40840847701798,57.47668520414487,57.06300231775082,57.09695531632716,57.0
58.218365802205895,58.25820017227129,58.21258242367477,58.078159612256684,58.22525227281582,58.0
59.251809624019614,59.10261590910263,59.397046999285195,59.45554229997871,59.24771917073504,59.0
60.147214457046005,60.02998220446391,60.23292844296005,60.291769619166644,60.413068938803455,60.0
61.420230676409695,61.18020018583658,61.323348084260026,61.455299757779514,61.24492731961539,61.0
62.39485952119041,62.1233726640721,62.28136324598466,62.126608149772224,62.43116836418291,62.0
63.16926363383597,63.255145029384046,63.39399470298493,63.233134349918245,63.10325471110614,63.0
64.41719754621744,64.11069764339425,64.05292994507138,64.25842091522308,64.32837634071261,64.0
65.42268172258139,65.26597722647853,65.45604574239644,65.41401045334199,65.10639968516527,65.0
66.02827909627747,66.03495197117412,66.2354258191001,66.31935688719962,66.36825103300298,66.0
67.26938561919441,67.44685287282114,67.2035027194084,67.09715066109497,67.16582159555045,67.0
68.0037804598411,68.41160087741882,68.47789851397017,68.45829428255372,68.44168325897222,68.0
69.24368757258839,69.24128527315479,69.16739967743699,69.06768151624127,69.14453473970028,69.0
70.00840271072187,70.02187522664194,70.42047225160401,70.09491455727415,70.23529252667196,70.0
71.20348815590087,71.22466911221845,71.0402702598683,71.33496221379391,71.2935928003744,71.0
72.15393802246903,72.40923127146547,72.29276419621041,72.15211845966058,72.45495353827097,72.0
73.18830110729058,73.15244498806977,73.07590504422481,73.27383798995592,73.1009331368404,73.0
74.08968413288001,74.13735612372236,74.29155134697893,74.11208482110781,74.19805856265197,74.0
75.31209591079754,75.1836606055386,75.13108397826794,75.18819208763705,75.46024386316171,75.0
76.40085161966509,76.32766312644877,76.393927802069,76.01060744221179,76.49337009327702,76.0
77.45508337163004,77.38194249671233,77.39679209705304,77.0740368030272,77.04979690692375,77.0
78.06411148770677,78.48692058292404,78.24482395288533,78.1013103912448,78.27397050820093,78.0
79.10045565965936,79.37963768324646,79.30526406940244,79.14132771553068,79.33529806991733,79.0
80.03315329115584,80.34081972325278,80.27621292089663,80.16932135085611,80.107188499319,80.0
81.4827023707079,81.34913349434854,81.42015554422628,81.46173677433387,81.42059805596755,81.0
82.22480773751346,82.44097988496573,82.29854505949176,82.15569101303994,82.26671996915793,82.0
83.18300950830078,83.48265702704532,83.14059505775906,83.08780300160788,83.43664676065254,83.0
84.22815513067512,84.01067668061194,84.06096423062306,84.39233277704821,84.1243511114176,84.0
85.23578755135335,85.30272433426133,85.23448385163117,85.31852059946121,85.41864244441332,85.0
86.22598611852449,86.40408519196798,86.39496475327618,86.08573444133869,86.45670187480195,86.0
87.22530966830065,87.25754521429286,87.32800028221064,87.47223958607727,87.20183666997356,87.0
88.15555732688635,88.33740882943644,88.08977562878205,88.1250595051069,88.48277147304873,88.0
89.26376428047364,89.06228182524575,89.32254125454949,89.11287184492369,89.37815348209492,89.0
90.31025095975684,90.06754519530283,90.06041369414172,90.27620909571013,90.22181115601272,90.0
91.24758039948411,91.02423399490911,91.14080468390756,91.03904078439659,91.48082077782132,91.0
92.09151639819217,92.03968371749808,92.32544882622535,92.0789467826948,92.3260657361016,92.0
93.05603727029788,93.17502789217491,93.31601363593757,93.33004734156629,93.19219260876005,93.0
94.14781312377592,94.41659685898516,94.24209094012754,94.09368334665963,94.1022041218162,94.0
95.05991375514526,95.09052369219854,95.15524067251948,95.11309994165595,95.32852689026592,95.0
96.22185658684387,96.27048872886701,96.34095779738799,96.42750409537129,96.49943063324889,96.0
97.47413430981945,97.08363425960096,97.31589096312649,97.25055462702328,97.3739039840523,97.0
98.33340001671093,98.2423652115217,98.10759378243023,98.47159957720088,98.22376675352083,98.0
99.25076480522905,99.20105598065193,99.21440283063882,99.37127401133715,99.04223368704001,99.0
0.46364766271383034,0.14436710982209788,0.39812507966519184,0.27483275514275446,0.210182008813383,0.0
1.1839057835660642,1.2946240078335993,1.3645732124364036,1.196700947609028,1.309450673081428,1.0
2.2004885547502533,2.193673401049922,2.157126710867419,2.468270067151348,2.340884475204585,2.0
3.0330489429531777,3.4680249025453866,3.052365459817424,3.3597896341047875,3.392817038553465,3.0
4.229663043076626,4.1490486247314,4.471517719948271,4.372287227293331,4.05451956151336,4.0
5.233241188730937,5.080793322124227,5.299804327767916,5.082085332988598,5.174350889270892,5.0
6.485545020991668,6.272563028238533,6.355001473579014,6.141763097491295,6.2182681478890744,6.0
7.470237150227562,7.077741222829445,7.111170994086175,7.079676658551344,7.102717203359663,7.0
8.435062044264395,8.476970368990823,8.489971346707245,8.4536445131271,8.164898495012885,8.0
9.40927040394414,9.104067754426735,9.415986408028587,9.49814246592018,9.336248318420498,9.0
10.193801323117645,10.406099596608705,10.361202600249305,10.13075086872628,10.153984824124809,10.0
11.410241306189652,11.377588828281166,11.407746938419654,11.238813899371335,11.107372504124589,11.0
12.173957261227663,12.442341189617776,12.240639748783968,12.468447906544707,12.145683168893987,12.0
13.304566692313706,13.25084982365671,13.124909696878587,13.115169524316464,13.209139088887415,13.0
14.130427893517258,14.260257315689028,14.098992512739706,14.27653760699752,14.256741811445334,14.0
15.083481683641885,15.028830186302363,15.447290823185787,15.161610891391966,15.47859264521662,15.0
16.022880604652485,16.06942800874374,16.06929489420457,16.270213410212992,16.212542984562816,16.0
17.03328414523152,17.272681148781963,17.443461971418024,17.466668787091738,17.387044979827607,17.0
18.491110656046992,18.37678292987366,18.479933659143303,18.23990996382612,18.31890148848304,18.0
19.250391780769995,19.03998807015979,19.39033628260399,19.384205846921162,19.25391589243617,19.0
20.05512870317896,20.184160002971403,20.02465594751768,20.004164376669568,20.41806256485459,20.0
21.252651110921377,21.345463234989214,21.467540115655083,21.184279515377447,21.25779045983,21.0
22.110366404763326,22.447442594757607,22.019361540396268,22.346099150044882,22.304730294844656,22.0
23.23397607345842,23.105893482536388,23.311693145333884,23.1239543711021,23.347851381596357,23.0
24.162065194433062,24.2163193924154,24.389489440263002,24.30332661349106,24.315636807748078,24.0
25.382507793412337,25.012078784796067,25.13224880042035,25.135489936776203,25.102322500916735,25.0
26.33674166350117,26.318972528860535,26.469973430629935,26.43396157646746,26.269731375852015,26.0
27.031180110697907,27.030385541301197,27.482903608991087,27.321141153559577,27.02093641838545,27.0
28.15690620888825,28.236842053650747,28.41119190697416,28.471204651553656,28.085651949618008,28.0
29.122427882201677,29.158741052922103,29.16140188102285,29.02497871877381,29.11287260311644,29.0
30.4385095045164,30.176977740932045,30.116126561166517,30.10172856908412,30.290945608505954,30.0
31.36485878993865,31.485011739086865,31.453719167160873,31.239028715253845,31.05270267135729,31.0
32.04502591169578,32.11256845054187,32.06217630810954,32.380810597293355,32.110438556830054,32.0
33.42343978066186,33.31265928634498,33.330165942393485,33.3855844292649,33.08014968099233,33.0
34.49228440103412,34.17059280908517,34.45620699443588,34.001747844304134,34.0433463322439,34.0
35.09745839075323,35.16884518003349,35.0022680831355,35.066639841568254,35.14129946088718,35.0
36.18252944582435,36.13503020132018,36.21679235239338,36.32895134648599,36.13621338601701,36.0
37.069617383947424,37.1660770186333,37.304769537861446,37.458303709424364,37.057934999638945,37.0
38.16676575385864,38.480888539970856,38.47534731079708,38.041909371568075,38.309988692029066,38.0
39.4265235590811,39.296651028233825,39.23006063589752,39.01150913682636,39.28756899221557,39.0
40.35913303890173,40.22788172235552,40.22596719734797,40.208938036777255,40.33086954749847,40.0
41.14194850912898,41.06613959881433,41.395195708651435,41.115989728879875,41.030738312825015,41.0
42.44264227064917,42.243900670705024,42.11617077178676,42.41185697181255,42.35211170028012,42.0
43.19650112536339,43.32173977564671,43.13061426750104,43.40300025416556,43.071051851070244,43.0
44.038293419215755,44.266431864728034,44.0731351759958,44.23944465371351,44.0354628404164,44.0
45.44141167737026,45.275618398880844,45.03433958928558,45.0727294146353,45.12764928465269,45.0
46.44947708934612,46.437968853756125,46.280497197321836,46.29201684775603,46.00646459657649,46.0
47.41992338782978,47.2574843689441,47.254351304977156,47.4418914982902,47.33678592911308,47.0
48.23446037162187,48.43338997849125,48.01866320532943,48.197208379461216,48.05598233700702,48.0
49.24231364305138,49.35870014046945,49.4387626192651,49.35186339418953,49.14229340995323,49.0
50.35456690000296,50.3831240347825,50.46305276628269,50.10973613515869,50.20150629654811,50.0
51.14490818280257,51.465524551216625,51.44743345688414,51.29047368405802,51.35552035855798,51.0
52.197375913950864,52.48292169742064,52.267859353699926,52.36254846650173,52.38257677599434,52.0
53.420150906171095,53.22708957252429,53.1812687349402,53.209780359530804,53.11976877837619,53.0
54.36414030696911,54.15601374247973,54.41715171992707,54.088474702462385,54.33451254398095,54.0
55.394064843885715,55.40941403086102,55.033667102499656,55.458523470509675,55.14058614183991,55.0
56.089526425639534,56.3651553302774,56.29191535839435,56.22833500754323,56.06662359397657,56.0
57.07428224634969,57.089235690438514,57.06097251073368,57.04750499274716,57.09665358191153,57.0
58.25220395610242,58.47541581699213,58.13383995334798,58.09072762015867,58.41524899029299,58.0
59.165291700761195,59.254716957073356,59.400912854480694,59.24572634946699,59.22475148551674,59.0
60.309094591781275,60.20753682862087,60.01123453010939,60.2514531417207,60.03181822326122,60.0
61.492342772644605,61.43076075174651,61.33951361939465,61.08472694552322,61.06676350407872,61.0
62.10840847173561,62.26015476808879,62.49357117435447,62.2971861705484,62.44268902147285,62.0
63.308466600171116,63.39188774518693,63.45106632746395,63.47436450225124,63.288559948000895,63.0
64.34944507034965,64.34635947115976,64.10124653185473,64.26429773882495,64.25335014677634,64.0
65.47407711825402,65.20153027791072,65.06317301127913,65.23322478421531,65.34348456179374,65.0
66.37720820716888,66.17902360800475,66.14532641156164,66.02362708746061,66.26431996190264,66.0
67.08327258891939,67.07031840841198,67.20851467887724,67.0905475360733,67.08555989110089,67.0
68.40675014724609,68.06982710373093,68.2755665723825,68.26331851534792,68.36339757289778,68.0
69.340867883395,69.3226640191097,69.19819145055605,69.37001812842624,69.27807141385944,69.0
70.24151822002989,70.27538549517075,70.31410369980706,70.1268717393923,70.13332956923699,70.0
71.19303720632536,71.19388352215066,71.44606502775139,71.0260466973858,71.19035962383653,71.0
72.45229637529066,72.08123575677627,72.4881250291635,72.34795544869154,72.0932928652053,72.0
73.19389151398163,73.04913515875961,73.06353095296272,73.34680719458534,73.33416352175192,73.0
74.26480756164374,74.40399944674004,74.14646209269517,74.38250566727108,74.21462173083776,74.0
75.3134951028082,75.24923109429464,75.29447230908939,75.32231686513403,75.11464878377933,75.0
76.11688234078872,76.2601149326663,76.07799924405423,76.05904993677106,76.06977339541427,76.0
77.32137104712146,77.38552908263912,77.14038286843493,77.22272401402692,77.27449911305226,77.0
78.12974258521339,78.15031793818125,78.12800045725461,78.37389053708976,78.2707424461285,78.0
79.0168285409904,79.16493422019232,79.05934182365482,79.22973022440789,79.42964172639982,79.0
80.093469220664,80.07636313823444,80.20572712215244,80.04178695705644,80.25608463390023,80.0
81.08824397578972,81.34627607484873,81.46565862599554,81.39988956009806,81.14306132354206,81.0
82.07874996046095,82.37009679170862,82.29534426527012,82.11460090332015,82.36551443302982,82.0
83.02235628374618,83.08923558480679,83.41468176243721,83.07685036835433,83.14360710318488,83.0
84.05863404126687,84.18121367103655,84.19152552349613,84.26351962955721,84.34968793098035,84.0
85.4074303224173,85.06995741740346,85.34918578171118,85.44539848299713,85.14754820068488,85.0
86.36924858359308,86.05481414170852,86.3087754122389,86.21396154857025,86.39554353825447,86.0
87.3369221395719,87.26393288626393,87.1875165035043,87.30888204883139,87.02294319912286,87.0
88.48741966258699,88.28584412618923,88.20194350680089,88.16600652936266,88.14783116719403,88.0
89.41391470750487,89.01426945933127,89.35504887540445,89.14335647655771,89.15697603424496,89.0
90.07755143556686,90.03736996471038,90.41210722157926,90.30682359099538,90.1583953740425,90.0
91.29977994964949,91.46255237133815,91.15024943443457,91.11649284156958,91.35463627811882,91.0
92.1918923826453,92.24226552435299,92.46902127494361,92.37882690251983,92.40337209562966,92.0
93.02757987313665,93.42814468897357,93.44657957247135,93.38282108507155,93.116195802058,93.0
94.13810856908891,94.43898284374477,94.28762389356594,94.04039861754114,94.32165508001587,94.0
95.10142327234533,95.2991230360276,95.20959205942943,95.36459860632517,95.21297295040091,95.0
96.38742047633849,96.04956490079572,96.29134521974004,96.42252231482202,96.4939253167808,96.0
97.23439246841602,97.49041648066206,97.39804755532305,97.41761211948125,97.10319266740568,97.0
98.3100920043894,98.16073729064763,98.22436774128411,98.01667606471968,98.00747064997206,98.0
99.04064950585848,99.28675783721047,99.25573855301842,99.01342099166247,99.37435616027582,99.0
0.20364790384034898,0.11366636191749874,0.37682917542090705,0.20881730808160193,0.32746808076773753,0.0
1.1812408597837556,1.266901122545194,1.0021433766969592,1.2807656463001211,1.2301342459740874,1.0
2.489635047732188,2.2815347919496265,2.3591714849637078,2.3364347864187405,2.44599755607029,2.0
3.4902447548731557,3.024123730641697,3.2451092874948144,3.0670577587344705,3.155258682721575,3.0
4.497257651369701,4.067851531798837,4.485415630766369,4.1845008330812155,4.0590093940357495,4.0
5.417906686400887,5.209798808045193,5.119028910727709,5.173979827059389,5.4125486442949295,5.0
6.3376815170185505,6.015665655018368,6.005176629852457,6.4433772991628455,6.415242659873245,6.0
7.365596783756971,7.4643156271841775,7.113723198410915,7.343535294242392,7.341840367974968,7.0
8.304241462103237,8.167634761146532,8.125724681945258,8.349406700177394,8.301524216590114,8.0
9.320694216515289,9.121171478586742,9.476290387673643,9.288624215274549,9.06951291975896,9.0
10.432558580041368,10.187861920328448,10.425824398825457,10.324688164213097,10.200620460995601,10.0
11.19507673586453,11.019604217635552,11.34442934137623,11.28596622125956,11.191549608026637,11.0
12.18589695502199,12.141323855990466,12.454061748041013,12.202892509486613,12.304326143382701,12.0
13.352011014156385,13.453052688584318,13.28606354727045,13.267235097081203,13.435040318515577,13.0
14.079075386868002,14.134121643041093,14.055784706989757,14.274245295652678,14.186228744787947,14.0
15.313039458927898,15.009632849972588,15.446540458866954,15.37636182949379,15.316540992525914,15.0
16.147284730305966,16.057278330225532,16.11008532663994,16.11111629731194,16.018471476575694,16.0
17.251138695473347,17.295267890385478,17.440774663660882,17.283568982735616,17.06130906639608,17.0
18.33775201260751,18.073035886537298,18.00413818926026,18.24447050367021,18.440987060130762,18.0
19.43373061318857,19.419612595834987,19.3774417882277,19.44539315570281,19.18293834385662,19.0
20.25217746091325,20.315538812460552,20.3294452966988,20.142608117728727,20.416040508809047,20.0
21.414509822454466,21.361565762745585,21.125727241876067,21.080418435871124,21.197646044246728,21.0
22.425374724522467,22.439354554741165,22.252419957213792,22.27327364734085,22.43659741908738,22.0
23.396567413421465,23.368579528621392,23.14562958436487,23.099479357249074,23.449112335824054,23.0
24.138040003360285,24.486422887701924,24.10189750881595,24.281201735276248,24.09617062432991,24.0
25.181930044624877,25.13162296750786,25.443113148620693,25.191579348953617,25.347210799560365,25.0
26.4816645711006,26.18451583833293,26.12239734763884,26.45065323197295,26.45530188518847,26.0
27.44760634486818,27.142656648561353,27.38124158719764,27.317237428251143,27.232460080033327,27.0
28.142183700867122,28.48923858715414,28.358645648435886,28.061318174480387,28.371203563796644,28.0
29.464560928766236,29.205019894492967,29.153369695987887,29.461330186939907,29.420629308437682,29.0
30.256846565148738,30.193010067042007,30.022269369855834,30.12352687409931,30.093849753614904,30.0
31.324618379261437,31.402664306850923,31.210824097910763,31.224347902293026,31.159635748993477,31.0
32.26225961257054,32.329328217668625,32.14425823386128,32.099956653110944,32.17015218507895,32.0
33.256425685728374,33.1170615208451,33.16516312294873,33.12240191528862,33.41127285851797,33.0
34.01865036294278,34.046533151342466,34.16933394780237,34.45957185530215,34.078308202075235,34.0
35.27996080441152,35.10838337376446,35.492743840820744,35.102896842005336,35.247093686889116,35.0
36.431105852469884,36.044783194543555,36.099825477475115,36.20224361503268,36.23054207113269,36.0
37.48029336431574,37.49527350608622,37.36866544620733,37.21125018638235,37.273594627812834,37.0
38.34225666531317,38.34604729337449,38.02890576070809,38.49262502593526,38.013047698613185,38.0
39.0269738372161,39.44902400834893,39.33801013067301,39.47041328825496,39.39076668912825,39.0
40.0663559782233,40.17228310152832,40.01144083852381,40.069985320745424,40.08294804132981,40.0
41.45324718644247,41.422610735776864,41.44493837994288,41.25166344675402,41.400077852755665,41.0
42.17809478689401,42.32628687759878,42.00332953323212,42.24445020498916,42.49224664881125,42.0
43.032589128442915,43.28258716008166,43.10603032536521,43.42145348172418,43.439481654314484,43.0
44.42710244309391,44.07868477126433,44.18986980396929,44.16374137374431,44.24154904185982,44.0
45.474079582475504,45.10053283685416,45.42534620736151,45.05711362497185,45.08032253325078,45.0
46.273431623988216,46.01924887435573,46.14770919181639,46.48626866631439,46.34527075296311,46.0
47.272079426191034,47.35262040047151,47.177939533771024,47.06931777663034,47.223606298912294,47.0
48.37160097071223,48.065520205913735,48.15845495385952,48.0878848969942,48.004115710310465,48.0
49.03102832816286,49.31817071781515,49.236375518439914,49.07681794893539,49.01671095519448,49.0
50.0022102312616,50.306134418960184,50.258353596306144,50.26798485372602,50.0874046763727,50.0
51.16153120738938,51.062625726229236,51.478907475966565,51.39577002465053,51.25011673371177,51.0
52.17785186332206,52.183573741933614,52.49857527876897,52.00911851262662,52.19574891771111,52.0
53.125242634611276,53.229014644268496,53.43676491565312,53.361475946782974,53.28459686989941,53.0
54.07105668383873,54.30503756320035,54.01773961728751,54.06871386717068,54.329686333121806,54.0
55.067867415803924,55.33075431924746,55.397893256427004,55.128096018371124,55.36665128646458,55.0
56.34824851717715,56.064465159410595,56.139498941332754,56.21026778380149,56.06298840835951,56.0
57.0347555865444,57.42636495956948,57.15869317251468,57.212103599439786,57.2407876610692,57.0
58.028323199504754,58.177870071104756,58.34523293308722,58.01577012867202,58.481835299266,58.0
59.49422564097873,59.49188484177424,59.34030499585524,59.254111898093875,59.35472141523825,59.0
60.27344284126734,60.224848867177734,60.399821829423175,60.280503678062,60.338507383668414,60.0
61.23817887941708,61.32618899966124,61.252602673405875,61.11451272002437,61.26372333250453,61.0
62.01618857938688,62.21414565432042,62.099596177649545,62.25252987326169,62.13367741248955,62.0
63.35713991406024,63.0348162184429,63.09043906816555,63.09252121292763,63.072208428733504,63.0
64.00134170825616,64.27245508504065,64.47953409274974,64.152535037722,64.15888446668735,64.0
65.30232968908008,65.09219899472531,65.03183511052046,65.24771867107536,65.46483266070882,65.0
66.43489305448605,66.15531085491659,66.0518562494044,66.44619674027494,66.11221042615395,66.0
67.39472770751173,67.25798047592731,67.20267852846703,67.28716195330793,67.00816762170899,67.0
68.38665576539395,68.10589241246662,68.26517736358781,68.30946471076484,68.39312883903662,68.0
69.12839354552055,69.03499917686707,69.06120834933539,69.2556560484227,69.11030264153416,69.0
70.00451651641981,70.053392377796,70.481682438619,70.2321641478203,70.19926847606388,70.0
71.41474958901536,71.3232487910705,71.4664072660915,71.07262467384803,71.36656082379572,71.0
72.47087381999656,72.02061747113008,72.4455443233108,72.30898447713152,72.2899325981207,72.0
73.00149009195205,73.46664748961065,73.11261321683955,73.27840235852463,73.02713749623982,73.0
74.41066269779743,74.11783042858957,74.45125434447887,74.38099361904216,74.16574337478465,74.0
75.04362367316683,75.12295042324567,75.07537764956844,75.36914288388408,75.30457198086529,75.0
76.05723432013059,76.35020347480376,76.13653916915668,76.41607898155512,76.24467559772505,76.0
77.38392568618154,77.1789543434087,77.12010617556288,77.28575867401435,77.40507137665986,77.0
78.1119558888526,78.11392737788117,78.32441061381624,78.10015162950536,78.47721778555061,78.0
79.21438089999553,79.14522418286977,79.1382028888362,79.39952204852344,79.21937947792559,79.0
80.15694312117712,80.36671301235735,80.48078850842865,80.151831375731,80.32825485394164,80.0
81.31102931911975,81.05973816269832,81.22484222467318,81.46516519011213,81.33804473688211,81.0
82.03615998069648,82.38364987273621,82.48640950686067,82.33810115016526,82.33031139130978,82.0
83.28510633225629,83.48732496408135,83.2061870964053,83.15852655143453,83.49270856809115,83.0
84.11829538583086,84.36382083727948,84.27112621446003,84.09892237853742,84.01632310415887,84.0
85.14097845901392,85.27218119091215,85.03579678488404,85.15663328990827,85.13733595045382,85.0
86.37655703342017,86.26880880551984,86.48236199910775,86.41704735716512,86.19756973425193,86.0
87.3819374297599,87.09458591320328,87.20458199734918,87.34504566648639,87.43442489112397,87.0
88.26441510580287,88.4832188987253,88.19757699236393,88.18609954676695,88.36389157316675,88.0
89.11577251561627,89.12417875017745,89.28775573283325,89.34342494562333,89.02751669865152,89.0
90.48482583325847,90.48506869053723,90.0312881388072,90.08842730084147,90.16888026060079,90.0
91.38482161542214,91.32777462710425,91.48078050567636,91.27785994418957,91.30605511875794,91.0
92.34191058973533,92.24220776787058,92.0068600833979,92.04774801773524,92.16494886535072,92.0
93.40587179376665,93.29067825217017,93.08073690535731,93.35939153106526,93.4838155801366,93.0
94.3505616430707,94.17047249760496,94.3028497676148,94.22604302557973,94.3933686506525,94.0
95.07399702253363,95.39240371314683,95.12273110455185,95.30966807339,95.36899020820395,95.0
96.22142473693101,96.07416279813621,96.17835666534629,96.27953168141241,96.12293852637545,96.0
97.49428484800369,97.29113806176099,97.43602059797786,97.20612420339212,97.49423447070517,97.0
98.3304011034733,98.45993176155747,98.02826899861138,98.30878033892665,98.28694442223963,98.0
99.04806744603665,99.32512377671765,99.23806738425407,99.07067502712727,99.07250907709,99.0
0.4751650602413267,0.2718889242563281,6.90710801809491e-05,0.17189420246355863,0.30515911937912393,0.0
1.3690552754143042,1.4931094943092833,1.1702957529634412,1.469612943300168,1.3658584141063463,1.0
2.217139908504134,2.118268187229891,2.3474397051638447,2.3376495970279465,2.2639313347133845,2.0
3.3132756264847574,3.246051083505311,3.458549309103061,3.251827292561563,3.436985516872877,3.0
4.2910458192256336,4.175032747880719,4.192514464008308,4.373882563493078,4.061071752907784,4.0
5.0599751702762905,5.159597145706873,5.266220782759019,5.1071984413030265,5.485669673950014,5.0
6.449604951714081,6.355831992178454,6.388549725321681,6.286524082256114,6.337819764002776,6.0
7.032901732640537,7.064370417795598,7.335901812229268,7.087012524202974,7.27831746239721,7.0
8.389992378894249,8.280464849329318,8.413526261735285,8.287342220658084,8.482365652860112,8.0
9.457362542362176,9.47748296670882,9.19354090553762,9.108894122476764,9.366238893921917,9.0
10.314126522655195,10.285758388541698,10.147547226466179,10.033836216154528,10.054188513552164,10.0
11.227387118645611,11.079433430653339,11.462274494604745,11.034671637391028,11.370406140038908,11.0
12.246243259551953,12.090240589494098,12.162456080532527,12.355957832670015,12.040630331763952,12.0
13.11169312828374,13.379656274425603,13.208607885204767,13.022046525133566,13.216443903714149,13.0
14.011644017657114,14.20016297202506,14.432479421505063,14.138895542965837,14.144714003438391,14.0
15.142235102810487,15.273662993755059,15.007081138084276,15.128418837461721,15.016811395353008,15.0
16.26859108400372,16.332878243900343,16.047508962679117,16.135238761671665,16.323596639967093,16.0
17.036034627514145,17.18168874959258,17.00629707266009,17.210206822050594,17.285120733329993,17.0
18.126878891849163,18.148009912662324,18.295072497377824,18.11065349228939,18.07139745081473,18.0
19.40285199261021,19.000415017712612,19.23086474133764,19.34360019554086,19.476166928519298,19.0
20.062008500253125,20.06646478595363,20.162364208198426,20.33976019974122,20.13768266651964,20.0
21.129047274795667,21.026541005316776,21.10411224535997,21.391140681910368,21.366554179511077,21.0
22.116861407776128,22.088472420903535,22.0585687826675,22.480730349471106,22.231482412682915,22.0
23.25208037099906,23.404163281885403,23.113982146161373,23.436718112694557,23.49816581518236,23.0
24.17304067772086,24.22205758890844,24.310246395852573,24.217856942757905,24.11722423179899,24.0
25.299564986605002,25.304155144820154,25.02143822135749,25.41446851143401,25.11098491227167,25.0
26.495588716439322,26.32569472444233,26.405276828933232,26.111355472080724,26.02565821675763,26.0
27.28573214819591,27.178781896002548,27.037002471779992,27.024190173144582,27.410074416578603,27.0
28.395030679969317,28.330672176170957,28.305242257972463,28.424246549552095,28.245176634357236,28.0
29.015325542851926,29.000872040064426,29.29398194122349,29.260424028018885,29.42314490081698,29.0
30.387667633440245,30.08977100478993,30.206657236937684,30.312955395169713,30.47919092536754,30.0
31.2819284351236,31.495749382755164,31.008103059389704,31.178203823661367,31.353811435342536,31.0
32.10420214702792,32.25433423481015,32.215929403237645,32.29802909982067,32.200196810057065,32.0
33.30433062708065,33.331510153112546,33.433267242095106,33.213214953097925,33.01667067454162,33.0
34.37771479984316,34.13182216243433,34.00809915812978,34.38976284273303,34.47658504166486,34.0
35.055892452280986,35.011400288319464,35.30527809251904,35.247579578886466,35.02828304860611,35.0
36.38992040640182,36.20486930947918,36.2378185188194,36.220881269537855,36.20226099205547,36.0
37.159446158266825,37.23610704186401,37.24276342304629,37.03255667185053,37.271584767442754,37.0
38.3377761510368,38.282383665500895,38.27230900091408,38.10952814111747,38.09533118993971,38.0
39.34441432249916,39.23085930061071,39.041156651805025,39.46364374043083,39.10219783054761,39.0
40.480277714428,40.00330857020566,40.262351137801836,40.44130212390052,40.27807089034168,40.0
41.48247402168144,41.22859291336681,41.3711182398952,41.412340879003686,41.01495181272869,41.0
42.35003692337846,42.27825392849935,42.22291100732821,42.404437984666664,42.45163645056175,42.0
43.35514185739877,43.248950941973476,43.27732326935955,43.089022724063994,43.006603987895815,43.0
44.15850090019546,44.27274955577361,44.09475196718416,44.229165120437145,44.17575379047611,44.0
45.31848664519631,45.11184970444181,45.238499944802435,45.06616624651946,45.403565895836756,45.0
46.42418774932166,46.46704227156501,46.46763195249277,46.355476014917755,46.48456175123109,46.0
47.48406688502298,47.006672656546066,47.051762527764815,47.294896232265124,47.35423901435897,47.0
48.33278876138482,48.365010774585286,48.307879667887526,48.07498853664273,48.02629155470771,48.0
49.38035511510155,49.047541342007015,49.27452610363434,49.186007290424406,49.164276128427375,49.0
50.44736790385741,50.24408635445085,50.20860581525035,50.19225319297783,50.443976988632166,50.0
51.35196093211431,51.135820601394194,51.11563235476551,51.49520681974161,51.431142267589316,51.0
52.3842303295075,52.10105828417867,52.15106747923927,52.1871126606596,52.133258574892224,52.0
53.11762581157804,53.10532597973391,53.181401973904116,53.28110671370809,53.29428045281482,53.0
54.423857449619994,54.30467924444872,54.06414145658749,54.433846813130494,54.17576859968172,54.0
55.06048980475647,55.176240299091695,55.380416698527014,55.089872540553095,55.063674948707025,55.0
56.41485686605864,56.13517495530534,56.27878852742168,56.04393240671892,56.34498092968695,56.0
57.15100587345063,57.48941597549141,57.037857109462905,57.34476801833482,57.489103798074815,57.0
58.356697127995574,58.30307394934477,58.449630509997974,58.123218701347724,58.31803558740815,58.0
59.12111520731475,59.319075057777745,59.13043169778193,59.40284259245112,59.2302824907463,59.0
60.0238585236216,60.13733741090253,60.32348055181914,60.46336847310414,60.37630206869681,60.0
61.23059168289857,61.36362177837819,61.07432826415273,61.02065638008567,61.415937213930945,61.0
62.34719915621912,62.42949321604455,62.07910413695772,62.28811958706251,62.14593202117708,62.0
63.129778247971466,63.02845131634958,63.32866980143327,63.420561934991746,63.49950573081531,63.0
64.04030391615643,64.03511906950766,64.40716933755846,64.37003031467711,64.42656775546578,64.0
65.49594661037719,65.03290372336373,65.20591419362293,65.13759217448853,65.25495587698042,65.0
66.43141727447887,66.1746311700867,66.21509839582485,66.13238192272627,66.45397812710549,66.0
67.15136821945804,67.04904496732053,67.09936463369577,67.2156040403407,67.34274494156605,67.0
68.02127672739466,68.20423845221868,68.12998710155419,68.26332084792033,68.10389169320828,68.0
69.30250652035821,69.17709014040317,69.40197139478316,69.26844450605773,69.40432762693194,69.0
70.28082440620216,70.22629695715548,70.24846595406558,70.38731729150223,70.35871034218374,70.0
71.03416200286817,71.39635210996578,71.28534145945397,71.37025733253044,71.32010488957836,71.0
72.0879856675239,72.42736818275912,72.0479736261934,72.36913087359304,72.47779457854125,72.0
73.1155260013537,73.17143932116568,73.00821380354957,73.45276957156436,73.18358325091276,73.0
74.43287306241086,74.07207776182132,74.29687761807506,74.01119525396632,74.27072100474524,74.0
75.35717581081256,75.37711873817476,75.30147429805342,75.11466196406552,75.21010131063551,75.0
76.35477235738433,76.37665827677174,76.4452914020385,76.05757083078522,76.16437935069605,76.0
77.03363057300972,77.43277428891822,77.05799806309075,77.02276499837723,77.40303975812068,77.0
78.32672795877859,78.15563707956528,78.1914876421766,78.05910454598458,78.24093198200443,78.0
79.4262863119932,79.38482576227031,79.1966593405673,79.41170290450475,79.48904616922337,79.0
80.3769651909794,80.46380863135636,80.44060649213384,80.22371804342717,80.25568405489774,80.0
81.00775224255293,81.29361267276289,81.17457259374277,81.14361539025528,81.23975728976865,81.0
82.48612365531017,82.3374446873147,82.47727551222343,82.07247184579249,82.06444375980004,82.0
83.33938375860657,83.28631914041202,83.18262881485154,83.35694774821893,83.18115202268382,83.0
84.18660596339093,84.47098699225579,84.23607945000376,84.37792949365189,84.23698394486436,84.0
85.18344548279815,85.24985704444539,85.3876078968888,85.44859656486469,85.06521493914758,85.0
86.17582842058556,86.41106096793497,86.33195650027932,86.00419073090102,86.19340772918947,86.0
87.38976159070369,87.13552432234196,87.42833964182903,87.16104689128927,87.20570670452803,87.0
88.23189253242398,88.36786728652733,88.08316715973075,88.311963601354,88.35280119808886,88.0
89.1528694112652,89.11854371380461,89.21766875529512,89.24983648498568,89.11799033702816,89.0
90.05596796839936,90.44040806075543,90.17761984990557,90.023544376335,90.48095877864928,90.0
91.3702736056303,91.48721728709036,91.04801853212449,91.19158336186423,91.13076478970287,91.0
92.13937806031625,92.12505261024037,92.09445463077144,92.11664945917826,92.1959111968515,92.0
93.15531020279364,93.17156517735862,93.0685797661614,93.27422390796002,93.1180119104305,93.0
94.39102471455772,94.04624948848127,94.02733604927431,94.0562851678405,94.44677268409963,94.0
95.00235843260403,95.34406276852995,95.3248318667777,95.24778695809177,95.28230994150039,95.0
96.24001239658796,96.36004571541196,96.28519120617938,96.45309041318177,96.48502983164948,96.0
97.0013371245066,97.1054848613509,97.1388522921508,97.44009099622437,97.29959300239581,97.0
98.02627328117384,98.09185280235056,98.22488988684202,98.1298987440102,98.25400982952019,98.0
99.03420008780978,99.13949765991926,99.33238612195747,99.00025467517469,99.46949281950134,99.0
0.08638163876352573,0.31608769536023346,0.3705465123911679,0.07043275468359911,0.45539934095857243,0.0
1.024494174312247,1.1302893637411147,1.0516202071204526,1.3817933476313828,1.2561109765097676,1.0
2.3775257788986073,2.048551808968956,2.2564268452051617,2.186339170113682,2.3411293974209837,2.0
3.4394011330607452,3.0061543782930156,3.201588122355405,3.360103628229603,3.0314195566794653,3.0
4.408487705510911,4.002822028458299,4.371975805860166,4.055485272548904,4.1870468147574265,4.0
5.094737269004703,5.285257685252434,5.342530081865677,5.499785648936804,5.08040067706594,5.0
6.3726106116840855,6.073380272442541,6.448821409299783,6.291153797422038,6.4329895150332455,6.0
7.296584517782401,7.069943562109602,7.069962057299255,7.146337248488643,7.28722977049308,7.0
8.287036017896808,8.448315689822214,8.195387723249118,8.389553750852944,8.270697476001889,8.0
9.445213174231682,9.435831100910058,9.214477895878668,9.430464441511239,9.061076147127999,9.0
10.067445899442905,10.13788934566409,10.018826535315458,10.230854926023099,10.295550605006856,10.0
11.041522550669166,11.075032351575999,11.377718410802471,11.393330636397328,11.336150277961538,11.0
12.481200188816498,12.152517797302488,12.18792380378404,12.247969945813809,12.075208643422426,12.0
13.146120113384983,13.000518349321117,13.373728693685743,13.421926054984182,13.14390306957929,13.0
14.47996987097358,14.15778542854574,14.109406932431224,14.27384488471274,14.33656400784885,14.0
15.377930735582902,15.059052735772642,15.265594278483775,15.052775894668216,15.052121866425955,15.0
16.428808847809986,16.110240009805842,16.46371299329096,16.332661077341474,16.233745796999493,16.0
17.373453914761708,17.454237685207488,17.224811034456593,17.48009885026177,17.010471978336412,17.0
18.288800765304096,18.420844773864268,18.35534276604919,18.311314754121778,18.306457106550923,18.0
19.457576350164537,19.301107669139096,19.228702689333648,19.093973215687914,19.091567963897546,19.0
20.47054847460093,20.34699899905353,20.074791607377268,20.292979039877252,20.051288857058978,20.0
21.150822009798144,21.408214520658515,21.148719300361826,21.162912513522315,21.468972788645825,21.0
22.16856368659784,22.454215214386643,22.39272672836322,22.01431962815253,22.229928351019808,22.0
23.189335002139664,23.188236777885347,23.494050354138707,23.325331544260848,23.2834070756738,23.0
24.406262499707534,24.35737726381367,24.381631867228144,24.28490136272398,24.086727457953586,24.0
25.34498355982229,25.423215368816138,25.04500039886908,25.11215293351741,25.422320190080544,25.0
26.170774095707387,26.14926333529973,26.03985932004018,26.438063452891686,26.248531016651825,26.0
27.479745616435885,27.488014445681333,27.113387020761728,27.321891269092887,27.19825971552241,27.0
28.173283802342112,28.47239577646282,28.046044508104178,28.431663731764107,28.41325799768503,28.0
29.18846682220864,29.297365067460625,29.011624762730154,29.477877867078536,29.08172836943717,29.0
30.37546527002235,30.454899989772866,30.359808860643472,30.440239626901825,30.23580644736617,30.0
31.414354727172558,31.08616294805998,31.284951925028142,31.189352027212202,31.043932648693417,31.0
32.22353585252285,32.497175415479255,32.244606645376244,32.471048809473416,32.43370251777006,32.0
33.17760116044673,33.19268068854253,33.35573597418697,33.2213206775173,33.05454650889062,33.0
34.07817422216905,34.163756011241944,34.4756640926123,34.18985072848724,34.18575768817305,34.0
35.178326465543435,35.337913258572854,35.26511080792465,35.11034482942484,35.05031546183314,35.0
36.45645854852302,36.133870023696296,36.49810931646098,36.43515345231601,36.397016525934625,36.0
37.06760214340781,37.453820562561326,37.47600671221513,37.468383664386096,37.33018975641891,37.0
38.09440267755935,38.00913904688596,38.04882791038751,38.17419004668116,38.15870888147151,38.0
39.36036660359964,39.30036460315225,39.24652662097287,39.310749042790746,39.08080879153789,39.0
40.24330309394057,40.307958503228164,40.421284665996694,40.386833289071866,40.22558920760393,40.0
41.33147080654848,41.27116339308429,41.316995788470805,41.35167665053408,41.32576945915582,41.0
42.427498847658214,42.26571882072094,42.19776757110623,42.04496455049595,42.238041222723055,42.0
43.46779621032055,43.43303858541717,43.22509740975182,43.010726433155774,43.275088362433124,43.0
44.17606903182413,44.11167245769051,44.15440893734049,44.06329384858083,44.49799461429157,44.0
45.033756097214656,45.44335267402618,45.212883979953304,45.053821911604025,45.32851944442366,45.0
46.008770921087326,46.296613343020866,46.302646923738656,46.199041487166845,46.346065965691494,46.0
47.06415706142189,47.429292043303036,47.16883534298763,47.2234893027301,47.12122396823998,47.0
48.00416853018524,48.05741925692518,48.25788556756899,48.04132880321776,48.006140907367296,48.0
49.34557289013939,49.04084648936213,49.015911124809,49.39406542814225,49.10893353073736,49.0
50.27476743976982,50.454711352171145,50.2638990729112,50.262198739283065,50.39960551976453,50.0
51.44232171698532,51.34078222999438,51.1768663641564,51.30551133202581,51.00740830085036,51.0
52.17678319364054,52.03041682725999,52.26289474047665,52.21906386899854,52.06097934558973,52.0
53.21348273031659,53.40306815518073,53.27041719750864,53.35314431810505,53.36074223048171,53.0
54.27011676520949,54.10238397086057,54.41956666659505,54.33187690852129,54.49272085098588,54.0
55.3518388996849,55.29665798487792,55.48926577064471,55.28035523680821,55.30246877933704,55.0
56.24742775676575,56.25039379493813,56.07148000130953,56.24596454199003,56.236558021355606,56.0
57.002308445920356,57.28696923301471,57.175691232864736,57.476567917174734,57.195359782367554,57.0
58.37920855576069,58.227755262279345,58.03818785426504,58.468679338324115,58.472187877247286,58.0
59.15938349584684,59.35907111315124,59.35777616885453,59.41505316668135,59.22498859511726,59.0
60.43601520403248,60.44280724696391,60.418557550707455,60.46596276586285,60.447867142483005,60.0
61.41805541530076,61.48795145100264,61.089548406081626,61.44483491582895,61.08879236443382,61.0
62.31059874840025,62.09650098075849,62.327739991173274,62.02938885590112,62.15018151655082,62.0
63.397886495486794,63.115877441623695,63.258162973038544,63.25547394125404,63.00112217916437,63.0
64.39922686706005,64.34435692672771,64.26378009691793,64.44196053820488,64.20163852625664,64.0
65.11234782570327,65.0240950011417,65.17071045185439,65.13223682991071,65.36601937641701,65.0
66.18077440692142,66.43099692788398,66.08801628926341,66.2752508876499,66.10486346614562,66.0
67.38172454209469,67.0968993084304,67.2242854561809,67.19078471849981,67.14629027279385,67.0
68.20255187815754,68.15377175273146,68.25287700724932,68.48270527669159,68.46161935457734,68.0
69.30117496710288,69.19443756513824,69.4579192880778,69.3741591680167,69.28967868482698,69.0
70.09750970401399,70.12417774267453,70.22690608655697,70.17411627538053,70.15697501884185,70.0
71.0592925912972,71.3725699059922,71.20857976313354,71.10705241939604,71.39567534564507,71.0
72.21008507318395,72.09119073492963,72.01122460917452,72.2774009890815,72.05140613158366,72.0
73.21205148710804,73.27297484636362,73.23996913883829,73.45393556416781,73.16819369358129,73.0
74.31558960289881,74.09954761889486,74.30494537938762,74.27709728426971,74.20403705399164,74.0
75.43317563460481,75.3628194111615,75.03625099811089,75.19369697944127,75.00442649881678,75.0
76.2366724467606,76.02965079298454,76.27553169388672,76.41000840608125,76.4255909973474,76.0
77.26866880334887,77.27228683284436,77.16059342923296,77.2934806769299,77.4805921139611,77.0
78.36512729574982,78.1405846264252,78.48207693982211,78.31964937817915,78.4272305790403,78.0
79.3811650088439,79.43588818613985,79.06981228625321,79.45516832019692,79.07133133009006,79.0
80.02738745528627,80.38058954393784,80.48273391236494,80.41863962860951,80.18124271231268,80.0
81.06765008998042,81.13150540030996,81.31320288188306,81.368070969861,81.4404744393716,81.0
82.4219866879956,82.31892833166677,82.16993209519707,82.29097094786418,82.09782743895744,82.0
83.42231845045009,83.3981804233753,83.21694304832644,83.36629368730598,83.00479406143316,83.0
84.16717753880104,84.09965341414305,84.43090130943115,84.43164740194342,84.02821129604004,84.0
85.39706137554593,85.0166390766553,85.17095645953252,85.41293491465507,85.13526922324345,85.0
86.30944641155021,86.18571000360868,86.28278315030592,86.2483872578606,86.48602215483139,86.0
87.02741689027867,87.1050749368326,87.07606688752757,87.33329255778587,87.16536012308391,87.0
88.05766001861709,88.04912138243886,88.28125732078266,88.07769202030374,88.45391733546646,88.0
89.24585864438484,89.3893435845568,89.24122948420698,89.0437395712927,89.23571653602193,89.0
90.31567001430864,90.0888369084744,90.4909658570363,90.22114183303158,90.4698457240156,90.0
91.2976033010225,91.37925424420808,91.36733720056651,91.14340272864337,91.05929120858548,91.0
92.41033417048055,92.1758545088968,92.25785067555827,92.34587750700126,92.00931874119513,92.0
93.19079080358048,93.11299632672431,93.40429734341261,93.35177191238974,93.04250234888067,93.0
94.33782741720815,94.03810335988591,94.06909966118094,94.31694978983938,94.38651631718231,94.0
95.42618764578424,95.41513155550223,95.44711406948254,95.32167818815071,95.16350820950495,95.0
96.37308649860941,96.18787352951122,96.20603895225759,96.37191247365571,96.22410192472888,96.0
97.19496898832988,97.23887061610704,97.00011260274704,97.45032269698112,97.10936316367825,97.0
98.46777255195674,98.11999466865431,98.44184155362159,98.15803819288728,98.41736883877219,98.0
99.22759404229119,99.32375906153614,99.49030533282166,99.322491870037,99.37385000384377,99.0
0.4086868503208949,0.2758718435555259,0.22850837205636193,0.056477483916364424,0.36041262843695504,0.0
1.0710871411637388,1.1277575679486707,1.357618753201216,1.3471433582103594,1.414303071632124,1.0
2.295601111297391,2.000360636502979,2.0531483025413624,2.344131885611884,2.2205296225691806,2.0
3.374270369407801,3.0352578510944883,3.057176429761871,3.231360187271998,3.4404763221091756,3.0
4.428808993351116,4.340087859748971,4.159282594046443,4.062909619266469,4.318010077145035,4.0
5.106568481064412,5.4030615397122,5.1905045535636445,5.408185584780739,5.122793482585416,5.0
6.436016574288606,6.061895620893091,6.384262173012333,6.0424092366094095,6.203410271808743,6.0
7.484114881772367,7.460282132984213,7.060913630131339,7.044589196855561,7.264965244822989,7.0
8.01837472832829,8.423075097765258,8.436181075517911,8.372275019351557,8.331565744314473,8.0
9.427121720579988,9.259256623905813,9.469554992545447,9.023897542681938,9.08060696287008,9.0
10.056031872897528,10.02463098500655,10.017577098521901,10.4964734436662,10.261097705628668,10.0
11.281135525611019,11.030288780117113,11.288893474856975,11.12087920456156,11.388531180593132,11.0
12.082795097207619,12.186111550860867,12.157753343940131,12.22470841400397,12.071046958812223,12.0
13.412092706905526,13.202633881634661,13.168044620071413,13.243803773532392,13.219543893016596,13.0
14.030356157174854,14.223800683091783,14.072191093620111,14.31355352265509,14.244655817214793,14.0
15.187235162008582,15.254113128432904,15.154562812500949,15.090357515054974,15.13537728753631,15.0
16.353008444310053,16.095305249471092,16.47539753920397,16.34567658170995,16.3204571320386,16.0
17.061835133258604,17.38425372286459,17.256302953030012,17.057507780731196,17.045840993432602,17.0
18.286708377956057,18.228852763693318,18.025501957479214,18.446012579540657,18.117861855127725,18.0
19.26862409645616,19.337456233329704,19.138975144138225,19.349764311352462,19.15154143656881,19.0
20.249806018672846,20.109286709447822,20.07414364371618,20.197837187609693,20.15019483294064,20.0
21.168751789408674,21.330156593247644,21.47926049780178,21.43863315786374,21.467778625329203,21.0
22.48152717860527,22.352359442216176,22.33090548428675,22.34863153755002,22.413587309570723,22.0
23.079146047439416,23.16185456839233,23.366418877575654,23.214956940550557,23.320544049894792,23.0
24.08718890326998,24.08321985490461,24.065369677237374,24.16676041303338,24.133332530201923,24.0
25.109790698181158,25.30767486897425,25.094586514802927,25.21046826879305,25.377544306694634,25.0
26.140910755468692,26.32483054575108,26.30345187626248,26.09035669342047,26.350044965777702,26.0
27.34937912388274,27.201023542653793,27.19537472777237,27.334779758447617,27.48503496602564,27.0
28.291090638054847,28.27164024833139,28.4039579772092,28.418560457667024,28.357047589279993,28.0
29.448541087179187,29.302841481467464,29.16623232887027,29.303001085618558,29.23170963691799,29.0
30.05564147382819,30.049144888715716,30.14692711140646,30.32504454128623,30.351222291373283,30.0
31.01184215261643,31.4211914587936,31.040262513199327,31.242384746481612,31.423864619947324,31.0
32.021189030704086,32.49780120342297,32.10342734324522,32.470080090217834,32.477389394994795,32.0
33.037369143114745,33.47876169705149,33.0833375477851,33.28599074930395,33.28917430837685,33.0
34.02131607808751,34.271807786365535,34.133722150468316,34.36513532920682,34.01670997569276,34.0
35.03712247944768,35.46234334171277,35.426550319579896,35.29620113280085,35.34658309719232,35.0
36.18515284013936,36.4888990500997,36.023475446940985,36.08888911973692,36.24036462866422,36.0
37.077975851196044,37.25110243439046,37.08954871177351,37.166980849893626,37.09672771300632,37.0
38.41219737875996,38.34912277901723,38.40652540664933,38.22526640965519,38.00770525482699,38.0
39.46773285153937,39.24558328815723,39.054764430734195,39.11931665748961,39.40751185843274,39.0
40.05408226742076,40.240942858317624,40.222944698185366,40.186273804607666,40.23434121774363,40.0
41.043987625985196,41.17769552578037,41.41782766866519,41.29573325227547,41.07963252439226,41.0
42.07232807109974,42.398623777908256,42.389334766780514,42.44868848720493,42.19516717939235,42.0
43.45874020312739,43.27427663123585,43.1474032903723,43.20767939818219,43.465615383608956,43.0
44.48813725774345,44.25441366707853,44.448220254491645,44.43313410481388,44.48151162387383,44.0
45.133631520824636,45.399445146843874,45.49244382001337,45.10231217670729,45.498650899643124,45.0
46.14192681076874,46.12690288446982,46.069014111511706,46.1921431702441,46.40298419657003,46.0
47.321465114012796,47.24201089662441,47.193616643526624,47.3911916508843,47.435799198526084,47.0
48.09317504490527,48.037744508908084,48.42409501040045,48.13927947451217,48.29850450145418,48.0
49.2304364738525,49.18905467219186,49.40396056675924,49.10095960867893,49.22446871562169,49.0
50.414436478350595,50.047519819561415,50.2018482866707,50.130703852440824,50.33246542967215,50.0
51.1225987598522,51.30255771233169,51.27739046769316,51.499816441218584,51.380203265777766,51.0
52.33851619452448,52.042322506376145,52.10405413391385,52.26192821453178,52.157176127703316,52.0
53.162482794237455,53.40968030278464,53.056503914714696,53.03264435263481,53.17090826552219,53.0
54.4404692976482,54.20797983148286,54.3218799014623,54.24684609002308,54.405375747415796,54.0
55.223769971246796,55.39694188904443,55.228922525213974,55.02949443902936,55.402105720856504,55.0
56.49623109695632,56.21715961059053,56.09916906341531,56.30750047442949,56.389353912726726,56.0
57.115358033781646,57.3432622651177,57.25751984388621,57.32842715559456,57.43563948556518,57.0
58.28295604566801,58.36484222857632,58.127916797692045,58.394653397896455,58.486272203228715,58.0
59.194551973964316,59.496900250153196,59.403420047134205,59.49764698179718,59.37600691967291,59.0
60.419219968421416,60.42282609763965,60.237235904338434,60.21774507708305,60.00508843862296,60.0
61.30537976328537,61.32288989148833,61.141889897246756,61.46813277355517,61.0241824269569,61.0
62.23871568910762,62.22542310353096,62.12009931610697,62.151113106905285,62.346874759596204,62.0
63.443223946803684,63.0634286401103,63.342279044808144,63.08700266821081,63.28189414957908,63.0
64.19437999953654,64.37965597743802,64.20331240494001,64.31384160366551,64.11176667790124,64.0
65.05448603731557,65.27315441636486,65.31651985477374,65.39421983522092,65.25404488090327,65.0
66.34335588894992,66.1284667226369,66.15365208040195,66.17612799581967,66.14958651536323,66.0
67.11147516876846,67.31115572018943,67.18813999705324,67.41866896707936,67.3781524398298,67.0
68.2937370412172,68.1709528672651,68.48804808476524,68.4513460198486,68.01906890116828,68.0
69.35245356720453,69.08584154640964,69.16699502296692,69.02218335902117,69.24190894355911,69.0
70.34423187798869,70.0892553263912,70.40893541174646,70.36315702484623,70.30681797115523,70.0
71.41210462065872,71.25998188673768,71.26229080559861,71.233212358484,71.02873991381237,71.0
72.24467512053225,72.30629964594192,72.3573269392333,72.04832351524023,72.04381146569052,72.0
73.0896588270587,73.00938601840504,73.12700916996974,73.03193068105853,73.37173959611947,73.0
74.03593670343577,74.0912354713679,74.42582239980686,74.35883167635372,74.42002426944222,74.0
75.32410886060715,75.18667083180908,75.23106992876086,75.03448783949723,75.2110026108937,75.0
76.28643964003881,76.08874117652933,76.01333964478341,76.17721428501535,76.20129712101581,76.0
77.14637057019587,77.11732471505984,77.07832900293019,77.47895572960269,77.15536736525094,77.0
78.23892545000122,78.12733896811316,78.42394989499033,78.14524706591696,78.45700970019195,78.0
79.35431077439944,79.38200626758832,79.04727943806125,79.41024161633179,79.02183387535108,79.0
80.47484820721502,80.12210743999871,80.06793583669835,80.0463567880302,80.46631155623544,80.0
81.27965663648335,81.07650314051952,81.45222643273692,81.234767451629,81.22865953194506,81.0
82.0695476915077,82.00973045158321,82.36924196582727,82.14755207225602,82.04335453816677,82.0
83.04045772105783,83.41760493946052,83.01263307278197,83.08979004015275,83.02932496057335,83.0
84.37075964354051,84.27372541740341,84.12363354337685,84.38243019271604,84.46163379373711,84.0
85.04064651031534,85.29336258155487,85.09813961803508,85.14421928889038,85.44570546429114,85.0
86.49536851589461,86.48273199183376,86.39190665782566,86.2450428803523,86.07462572104663,86.0
87.2400649212535,87.33645599501351,87.06325612782611,87.3754886668876,87.41310071773289,87.0
88.11770425859973,88.49623375934003,88.07698078635578,88.22058885101819,88.4607730199159,88.0
89.3200863646137,89.45843902547578,89.49192592323888,89.24448268534422,89.307427841008,89.0
90.04771024603141,90.41654101315198,90.44715378074306,90.3997327316152,90.35204486407221,90.0
91.32226278652699,91.02964196287651,91.27602737178489,91.39168193273015,91.11298488537732,91.0
92.0360575784544,92.2419699320731,92.05494569657488,92.46329195720168,92.2542080609945,92.0
93.05621677676494,93.33517108924855,93.49174539783293,93.1925704187757,93.4852743996911,93.0
94.04838121185502,94.48258578274725,94.1831453074445,94.41297567376517,94.34787661507663,94.0
95.39934222834549,95.19389128679707,95.462455837905,95.08153675441085,95.22152432530663,95.0
96.47482696689667,96.3704099219911,96.15143681424325,96.21791769071145,96.22705882945263,96.0
97.14894134867318,97.24939401302784,97.3727518446957,97.18122004771394,97.31579191715332,97.0
98.22080678693258,98.23605835821536,98.23862781089022,98.2976757994949,98.08418756359589,98.0
99.19872430727652,99.45523898651216,99.29117612077232,99.16412430795407,99.36258477210852,99.0
0.367011326358696,0.3712282373526595,0.32294338298290876,0.28852066679716953,0.20362491994715287,0.0
1.3424899759627702,1.3785876359280658,1.4039654842144624,1.4854050136769397,1.4653313740876264,1.0
2.160507841881018,2.254772014797994,2.3299316734145643,2.2929988424838457,2.466634846804058,2.0
3.448296567421433,3.4338147199345075,3.2989384118941967,3.099549929365963,3.419344476550044,3.0
4.488357604056654,4.232901828930341,4.314219137996774,4.449697809771912,4.062868731634546,4.0
5.093245219876261,5.4965045505712835,5.422255196035496,5.0250150399624705,5.467175904554786,5.0
6.4893732531714186,6.450292119829346,6.067553727778263,6.3207293067269426,6.114154490148176,6.0
7.165483060054461,7.290518361959548,7.006757005042785,7.115411291198549,7.259330813997801,7.0
8.178989070169465,8.126967362819917,8.447591177971832,8.17219882589873,8.39026651949415,8.0
9.471814885253755,9.296030877763988,9.495529238062703,9.214590369974372,9.11780509095146,9.0
10.071873467135386,10.36342683551881,10.145021931863258,10.449055594664191,10.098239919036951,10.0
11.327492158243054,11.30320745419702,11.344281447574115,11.219593266379528,11.455263970506513,11.0
12.44755771650509,12.063374102433665,12.132192970574605,12.129545475719931,12.390282326335273,12.0
13.136190431757777,13.104826694744895,13.47215296367168,13.147563911641985,13.476287815471004,13.0
14.253742902990812,14.007296843965548,14.46547479083049,14.13370223665307,14.238375447393786,14.0
15.297705473603692,15.11041501246823,15.393544136554112,15.049971580418244,15.102946614378377,15.0
16.176169867561978,16.163582448888437,16.2178176855592,16.383456226416346,16.14110120056236,16.0
17.346015562111127,17.00313578291222,17.445777243264427,17.383777944002716,17.282719618147357,17.0
18.14835950656609,18.26114484292568,18.029074945177086,18.438180078053616,18.417725997198534,18.0
19.436908972410365,19.16935042955997,19.42967729161351,19.09941795935441,19.286041214937278,19.0
20.40942573739786,20.354699248913985,20.062303471433403,20.34039234907578,20.315826465675496,20.0
21.165442104812175,21.39521133151595,21.136900657792253,21.291810780468598,21.0531269517068,21.0
22.091193950543573,22.372043214345403,22.044178578851284,22.300880095960718,22.015116267899497,22.0
23.496032157464366,23.062923661543667,23.26755173688035,23.028740159312413,23.31840206800771,23.0
24.271285360765685,24.43983852534591,24.191637488363515,24.42904127004525,24.30854389298743,24.0
25.04488427751445,25.02467110607026,25.36005278907495,25.421503302364783,25.1084478756129,25.0
26.04280975341616,26.241174099096547,26.29859006599569,26.176703929948037,26.408967522594597,26.0
27.30993716426619,27.485325869537167,27.367641439426436,27.37439183152064,27.19015440970535,27.0
28.07490662569259,28.28255277188055,28.283957882085197,28.229931559468135,28.270980952755853,28.0
29.07356780501872,29.074810192565096,29.37562548623843,29.0047099030495,29.4159649482691,29.0
30.23861615134224,30.243555639435122,30.021973767604145,30.46612868400621,30.47777053712398,30.0
31.04430099156922,31.219219208665884,31.0484982000968,31.190184950833473,31.399059093950175,31.0
32.25056247864262,32.40670134903173,32.048129731470084,32.17857601749143,32.331925532589906,32.0
33.179612231418375,33.28921570503683,33.44810241986682,33.47390718029952,33.35866708419556,33.0
34.37373039670393,34.07093637395143,34.28828868133179,34.20333285573792,34.150034546873975,34.0
35.47451636410359,35.22640221154989,35.4248973547237,35.21311018642682,35.449381233640175,35.0
36.273715374663695,36.100692624740994,36.20907548541764,36.31407589169953,36.37876451433817,36.0
37.444302162487595,37.28749563002316,37.183326436382565,37.125689258122456,37.17070543257995,37.0
38.27700976371064,38.22481999243499,38.00054313439478,38.23204246964409,38.090289399346496,38.0
39.29275055077775,39.23831825621986,39.12923449809403,39.42656135116374,39.278139847413286,39.0
40.1719933752605,40.36079375688673,40.44073501263228,40.30202243283802,40.28985716934711,40.0
41.40482038906159,41.42272533897014,41.232243535528966,41.085802540128725,41.24181185983743,41.0
42.05468156379247,42.152519139296615,42.122677397303825,42.25636391779969,42.35880557519386,42.0
43.37061759438008,43.43441660097348,43.07467713952601,43.32698081899612,43.20045983087456,43.0
44.31487123227696,44.007966567371945,44.01833606398032,44.20613936136407,44.35501548051326,44.0
45.16545882990514,45.07860727089568,45.001646486510936,45.03907135960436,45.26440704021393,45.0
46.24118795637548,46.421391369925814,46.348615350704385,46.14379876406886,46.23059233702499,46.0
47.192986728438086,47.38395323710257,47.10039874925275,47.371500695722084,47.185654209971055,47.0
48.10638056205158,48.23672522250853,48.139355391382715,48.09335222355147,48.4162983688615,48.0
49.040078627490786,49.360375624302996,49.05517684812822,49.0263671522497,49.055329300054915,49.0
50.060221662197094,50.07407268347056,50.17934872006715,50.35652944002034,50.05766457951489,50.0
51.076571064455905,51.41356762104151,51.42251008667086,51.340342458532824,51.132422276454186,51.0
52.46432421495837,52.25657890175023,52.004963087018716,52.371638876477185,52.10342168539046,52.0
53.44909263449297,53.46062381353949,53.35625175330921,53.265733091290606,53.42049925873129,53.0
54.271556864909016,54.32965632401774,54.43857988310101,54.34253347837936,54.32691517215449,54.0
55.0783140096197,55.17032599460082,55.19009826385198,55.40004420442072,55.086448942031545,55.0
56.07087286558468,56.21593588013811,56.46235377115513,56.46139909045913,56.407608469779056,56.0
57.3426051560757,57.37114605590963,57.12905107907282,57.453145829403915,57.367968561360165,57.0
58.022431152206146,58.27523687151637,58.44349882428269,58.17861363935198,58.32492301487752,58.0
59.29390186297956,59.06839185114091,59.16506868486804,59.12935327752196,59.04383504620308,59.0
60.00069535102554,60.290237871823294,60.33875865788498,60.40648407367732,60.05029941089022,60.0
61.47000952168258,61.482717218951386,61.111123853610785,61.41712110326983,61.38299330306042,61.0
62.25957188695261,62.40590066108776,62.48586019202934,62.17679942002332,62.280457606155785,62.0
63.002906174151576,63.23021359801251,63.48723649622482,63.254218573473814,63.403463382744874,63.0
64.2344748800833,64.31412259958756,64.40234222236542,64.49489446634135,64.42656790398037,64.0
65.25047101105707,65.47112649946486,65.24763515717187,65.21520790551202,65.47069332976744,65.0
66.20187668751134,66.00794929353401,66.14150157595614,66.24321415523431,66.12959562164873,66.0
67.1446855902738,67.21834323600476,67.34634529182256,67.35340563846788,67.08573073484497,67.0
68.47431134132135,68.2152496034741,68.34214127635946,68.37966706329405,68.05831807075822,68.0
69.22460581955572,69.37245915101464,69.13315359435832,69.09286847917842,69.38305060013825,69.0
70.16051158195945,70.19628150482772,70.24212075801583,70.42338480476867,70.45400481841156,70.0
71.06954079610743,71.07965117292302,71.49264514176882,71.3117850774435,71.11226352535127,71.0
72.3018696375364,72.40232583034448,72.43114898452956,72.27054027460267,72.17381942565638,72.0
73.14404006237777,73.21101272281457,73.49345778760997,73.42833627432454,73.13670870255224,73.0
74.07221572476047,74.01932538879429,74.29884886936792,74.35630328485315,74.39750334187211,74.0
75.10176434830272,75.23570093582467,75.11327800959867,75.1457676513102,75.1066673456367,75.0
76.0881811676813,76.48350325877105,76.27725013625218,76.25613301956227,76.12221759253546,76.0
77.15968528782574,77.20547514103446,77.31789153554422,77.10943790568395,77.2427523053227,77.0
78.05791111428458,78.01549838273253,78.24914665786659,78.0269864329159,78.17062390547444,78.0
79.04844538398557,79.48190720045629,79.3492111925547,79.23076201851698,79.04963721616129,79.0
80.33917452071259,80.40296181276895,80.04460620475832,80.49903924535269,80.11539942072947,80.0
81.34831782098694,81.41838070395471,81.26145103448596,81.49493654852287,81.24892774124541,81.0
82.4298716914803,82.0889468024361,82.389047918412,82.41376911605984,82.40295211620558,82.0
83.08476712260918,83.19958068723777,83.24985257277065,83.1108043769723,83.07711108822686,83.0
84.19026973605506,84.49397246992284,84.14450179966633,84.16418814233366,84.4732632019026,84.0
85.2591306449001,85.11861942007597,85.2161859494714,85.32450373299511,85.47722393851676,85.0
86.05104960156808,86.46192888940301,86.48619064606606,86.32850300086197,86.00335098321999,86.0
87.22682679246353,87.11066768924006,87.41174661054099,87.18367749377352,87.04113353259646,87.0
88.18484715786465,88.0688959199574,88.42087191974305,88.1528075017169,88.49816240823098,88.0
89.1526765035552,89.2346517220116,89.0046419685223,89.30795668876809,89.49224896088529,89.0
90.24803332461433,90.21775758213529,90.06954268269908,90.26162384956251,90.22215716585114,90.0
91.21924701971128,91.02800703163983,91.02709238648248,91.18336206518887,91.44644055297131,91.0
92.07808187158189,92.21047987673016,92.06075956422157,92.01385515276615,92.3405751141885,92.0
93.43120590282132,93.42256962994992,93.16284026889586,93.27306234037616,93.49996546990997,93.0
94.10448931306829,94.13526193147203,94.08960325157904,94.25445489851226,94.14040629432974,94.0
95.3285480168876,95.06760734387736,95.35959360499797,95.20270179673314,95.30090507530065,95.0
96.3255114133253,96.49876382104684,96.21936932950135,96.07425924519156,96.30831474068205,96.0
97.08344276102704,97.20093340905551,97.22974991640606,97.49216597987949,97.32721433270886,97.0
98.19358104038149,98.32703032986852,98.18842419084731,98.27381128171598,98.17082787015693,98.0
99.26112303937175,99.41641686352068,99.32413703305622,99.34918426287581,99.44043046243972,99.0
0.4810404616479316,0.028520751052380777,0.07197521354125846,0.19724006888970008,0.15685900156299237,0.0
1.2924978278003216,1.0121936719177045,1.2833294780815483,1.4477372321955295,1.2503854880200032,1.0
2.195971001440022,2.2610050127339907,2.3315975055265508,2.3843656880405426,2.461215298842143,2.0
3.2313515068018352,3.2926566703777604,3.297194948307936,3.095013894480583,3.1099427387734124,3.0
4.025773234345832,4.491293031436315,4.23641480476641,4.019068460303872,4.259212200230758,4.0
5.060531735720121,5.126664106289475,5.034964627297539,5.230865160258043,5.0384921724702645,5.0
6.0323201965742435,6.316039690461967,6.422878102284417,6.115756099698601,6.4034101715537295,6.0
7.2923098774235875,7.327139428755561,7.390166750545904,7.127785686754355,7.16665308198088,7.0
8.247887609954018,8.423167158521542,8.021052219871567,8.447022806774223,8.482465277946654,8.0
9.132207436137532,9.139418250224834,9.252986424259818,9.332088695277394,9.153975318520544,9.0
10.154666631276683,10.410316584758851,10.327436552115016,10.032048952938244,10.330757574473795,10.0
11.211193612969213,11.235084570588224,11.101111785280528,11.366652936626469,11.043913807702333,11.0
12.081456026579401,12.025688414175765,12.020250468081084,12.10456893280719,12.079004661498972,12.0
13.198817370657054,13.27819847097862,13.031763920300985,13.350811793273055,13.032552315292795,13.0
14.394331399295162,14.003381001779285,14.191124674457138,14.153258113126226,14.170425605375518,14.0
15.296427453892774,15.402920300437922,15.325148742811713,15.008144129133058,15.340724656382868,15.0
16.326587549758177,16.400143714014472,16.15625577449623,16.3907124281425,16.34562290278535,16.0
17.122866480088852,17.38540123680868,17.08061961658668,17.36830073936905,17.426553105016048,17.0
18.129235816194054,18.434616289226334,18.32118441970361,18.025938287570405,18.11273251597538,18.0
19.337203599625074,19.237102580699244,19.089325520988723,19.47655311434697,19.29649556225434,19.0
20.08619550974637,20.361284644910544,20.25396333382214,20.217174390119187,20.426326251889442,20.0
21.49294629906927,21.23388837740223,21.22325355561756,21.433082222653418,21.037248182510695,21.0
22.02056030384135,22.16993644867001,22.329665598885146,22.497649005796195,22.143666929982253,22.0
23.05852691600799,23.077121692685516,23.207519471951112,23.224589475092248,23.43492600094296,23.0
24.03492307842122,24.031023383109957,24.016501488901216,24.034233126115286,24.252158775421275,24.0
25.206589230794975,25.318113754001462,25.1321357824871,25.10488763127781,25.45323092237793,25.0
26.437369594340858,26.018560218257132,26.0736080289362,26.11505211286711,26.325133936359627,26.0
27.379677979009983,27.031313401120016,27.113124589988608,27.172494313150874,27.390945165116644,27.0
28.07802533240403,28.12254913431479,28.39291488873052,28.279840811663153,28.30214231425014,28.0
29.384681522007213,29.44972047248105,29.06950067557712,29.151525007174538,29.359403600568907,29.0
30.190329361661583,30.30657687747816,30.042631993634004,30.493517523879227,30.22154132996335,30.0
31.38713709589482,31.006597163921704,31.42544615413975,31.377677155349595,31.076118071876966,31.0
32.2728607805986,32.44685595313751,32.29870835600264,32.251661677882694,32.09543741054888,32.0
33.18446751454611,33.24794543981361,33.29789682039753,33.17221425138453,33.12784192231483,33.0
34.47384030769442,34.29782764662222,34.067641374168964,34.048743364445976,34.04511070215183,34.0
35.48665529723206,35.04667308402615,35.15362427730019,35.247897344374145,35.01745454703362,35.0
36.10192370924337,36.18407601852381,36.14528774190375,36.16620800251373,36.43462270167203,36.0
37.38622021750672,37.02983320120033,37.350964656680524,37.19888834557201,37.237415395968725,37.0
38.00204326384988,38.0313182096183,38.082018847809465,38.26424783559214,38.015591099638485,38.0
39.32875983723445,39.098182578362234,39.02971653910999,39.1871964305166,39.300734180149405,39.0
40.40005962481892,40.38354722889987,40.39306826339746,40.418201105145066,40.23720972275891,40.0
41.32842640807483,41.161174895925825,41.49921790157037,41.01016537915801,41.20444293469846,41.0
42.175103334017244,42.21846889295513,42.43249750868116,42.364400044187875,42.27264482995133,42.0
43.118558838746225,43.41884586827592,43.04435583000288,43.35491543710081,43.034820091678476,43.0
44.16333748349157,44.471754950860344,44.4806405077948,44.35176324917265,44.39329040160461,44.0
45.04471943623753,45.100501051951866,45.468533932279925,45.041570011898706,45.42007069878836,45.0
46.36844395085892,46.434764648874584,46.085643587466926,46.138046526715875,46.44613089366768,46.0
47.39659111295813,47.10562536270678,47.0866720439722,47.48011212383321,47.15825216258599,47.0
48.18691679263274,48.19210831516969,48.27778430884105,48.160776904781706,48.1031436664614,48.0
49.29388466174187,49.205905387808286,49.029481800112585,49.29990974519084,49.370943750504566,49.0
50.34621639527144,50.14970289542021,50.22499855293709,50.12615438239423,50.41445053131686,50.0
51.451328211907196,51.482814742103784,51.3720465854516,51.466709087774845,51.31545522129369,51.0
52.24087708898252,52.36591989061502,52.359881249279475,52.142816329511234,52.38454513956154,52.0
53.10702016267266,53.454277412919375,53.38590407111853,53.390242791959466,53.19702877145072,53.0
54.456186840480655,54.29476545862647,54.189689414380496,54.03411669298743,54.295348875668964,54.0
55.42536572514586,55.35587996916602,55.005261726562814,55.35970070960898,55.14220706803095,55.0
56.492173321324884,56.207049151719076,56.10244795599079,56.35985418307096,56.39128540631897,56.0
57.218157368071175,57.33038245751139,57.0286397749461,57.016651346422734,57.082670662564915,57.0
58.364557403870904,58.11163310484599,58.18509981830628,58.036108627211,58.02003818828131,58.0
59.28391952840066,59.09958644066113,59.284340258813685,59.16436581490264,59.38634131939644,59.0
60.23574496991045,60.248079101352644,60.40761955389563,60.37241224490336,60.11588468911538,60.0
61.41230494890678,61.02100729500976,61.410109647047825,61.03515558271301,61.13849630114002,61.0
62.18565739323378,62.22302835143964,62.39357572909539,62.120641171449584,62.124441289393665,62.0
63.174721609017126,63.48120251127607,63.402392006616786,63.03656504641113,63.05902526717274,63.0
64.15884980027901,64.21456389278634,64.21127373365452,64.25803232073166,64.26554307056804,64.0
65.27821415680147,65.10138332237938,65.19497551679156,65.2922964558695,65.14668721209895,65.0
66.05962394179487,66.22903319047218,66.3760643284833,66.0821870975013,66.31103379960291,66.0
67.17312220857731,67.2803406430985,67.36302616067327,67.35594687647166,67.25093326174296,67.0
68.19461599797678,68.08926577565573,68.19719193599322,68.10914848400432,68.30417713962075,68.0
69.23535300050625,69.30901725825584,69.482825760943,69.29343023288838,69.44769518536059,69.0
70.42101487873522,70.31015742315809,70.13181364230276,70.36278720608814,70.05559268061181,70.0
71.46719065589247,71.12330419743755,71.15919694805014,71.36682547462415,71.22246373563557,71.0
72.37102854599165,72.072031858425,72.3440645018661,72.40504342796665,72.01003449906366,72.0
73.37327897776308,73.12553758307122,73.33914411310377,73.4527313598424,73.30558381513349,73.0
74.0980615778382,74.24089987062193,74.32912061065579,74.01148320562004,74.49991272634871,74.0
75.38067917058105,75.0428323218447,75.20311234573143,75.01196165963064,75.46419654388033,75.0
76.00576201529383,76.35663751381821,76.03685435498278,76.24612253058322,76.39520695770126,76.0
77.29289853077027,77.41974899753903,77.0096503464144,77.03012425892193,77.18655293256408,77.0
78.1387751701544,78.2465857446177,78.2229075878179,78.32237744699017,78.23254134350626,78.0
79.41389794114419,79.34177174627317,79.24528758324658,79.42873146412514,79.3798901978424,79.0
80.15793991923374,80.11555307820498,80.25078539244149,80.03061157698892,80.05267795168882,80.0
81.16241894205278,81.41533706467158,81.42596760634993,81.32267495165898,81.32765901844455,81.0
82.12909945783535,82.13801641525225,82.20356071664334,82.19350482554104,82.43604901722078,82.0
83.19170896632059,83.43198563060358,83.33281884031662,83.24552265670152,83.28109099388195,83.0
84.24728955135973,84.34240203614411,84.15350855859873,84.44386525056568,84.05168230830485,84.0
85.11380454460138,85.31553416638712,85.06816915867617,85.1886288566127,85.42571147009434,85.0
86.25516298696559,86.24242724519384,86.39216399134753,86.30410459030466,86.15329962862752,86.0
87.1347867530075,87.24475040791725,87.20586738176777,87.42597194676675,87.03773392937315,87.0
88.40098864763388,88.20962358660148,88.43089963125102,88.2445706601768,88.1878200615434,88.0
89.28063414130902,89.22145472214463,89.48582347972423,89.47730006118981,89.35726996756456,89.0
90.0612022796208,90.27231906675502,90.14651526444213,90.17717026435047,90.34982155808629,90.0
91.08169365340264,91.46841988416058,91.19891824401634,91.2154969824041,91.10177072541303,91.0
92.05519385873723,92.3246381344442,92.1352748228648,92.16731789247359,92.01630683483144,92.0
93.23607219623797,93.43348444484884,93.44850732443344,93.27138971935395,93.41419247672314,93.0
94.22282965980455,94.49250426553421,94.17857131776917,94.08090492382463,94.2143678777111,94.0
95.07698966582508,95.347304729398,95.49422310801471,95.45645576231361,95.38020877295685,95.0
96.42772911335554,96.21001747059523,96.25027700297258,96.45278399192141,96.44587345323339,96.0
97.1151153879942,97.2901600036982,97.26207692091953,97.22952365191917,97.44978710171621,97.0
98.15786082278579,98.42401617546581,98.4702722002238,98.39313741634874,98.426053387591,98.0
99.02332109550838,99.32687646878746,99.44708778452373,99.24810072263918,99.15252583568024,99.0
0.2534521877450013,0.15602717641664104,0.12423085564025399,0.009390306173154617,0.03841446255794734,0.0
1.3372500163362488,1.2862663793130373,1.318293687436432,1.2063084462712363,1.0421009459135775,1.0
2.148466408611311,2.4694545815693756,2.0331252593373446,2.0355562338516693,2.0038857556679357,2.0
3.102602126372078,3.3189563448087913,3.319725338889119,3.3200162123519052,3.1374550818041045,3.0
4.273382700190824,4.466690609883345,4.4740726397599095,4.175040412878165,4.069222590319913,4.0
5.003736494815206,5.277149689866145,5.358331914441033,5.222761507663676,5.0489430296223246,5.0
6.285397728306701,6.221626017718198,6.4569891012995155,6.095116966753992,6.154760365229314,6.0
7.4518148933875725,7.0782912001540135,7.305510945292565,7.4369648736035545,7.315488857570899,7.0
8.182263103099396,8.496136738713892,8.35278267622471,8.45855662051392,8.165546538171277,8.0
9.327060858712267,9.436423892171605,9.063485647459395,9.300972758543944,9.496311700318383,9.0
10.090777268744256,10.21264578054902,10.236607129890713,10.077185429289376,10.278007751719027,10.0
11.028102556700121,11.152381811225766,11.331643294904948,11.046292992663066,11.270052516044425,11.0
12.08584938432587,12.050417534447941,12.169114386982576,12.127810748018605,12.115481932379097,12.0
13.447388246225602,13.352048462339548,13.330907913615313,13.0688599488831,13.292594301954757,13.0
14.43542616713814,14.135757225818748,14.224863051436083,14.037776276138661,14.29347674029522,14.0
15.039622099449323,15.068539036908042,15.46960789747301,15.246278862664944,15.054696488624899,15.0
16.22390257261218,16.47804253783312,16.407399735052437,16.192943237754932,16.337415381006696,16.0
17.07303325926491,17.100145763712757,17.237594484640624,17.147181141123035,17.347024585330637,17.0
18.43726842213737,18.49138569685815,18.420632500648725,18.313710340538073,18.102435759229373,18.0
19.378297136907726,19.407076689695426,19.14087082312608,19.35077305305337,19.072384464920823,19.0
20.269082100676727,20.019878767301442,20.304864772688283,20.381765061735717,20.33910258408559,20.0
21.002693201172324,21.227868013584857,21.219144741697054,21.26465977078713,21.38483317640341,21.0
22.335182411481355,22.32100495760494,22.041027407444865,22.077058564083433,22.191963763292424,22.0
23.471007188740973,23.071950719619853,23.34597021042667,23.242258451820486,23.158796577018784,23.0
24.298448178265275,24.26574024244883,24.496455892407337,24.056028238460986,24.410922874345893,24.0
25.308245509841186,25.197492150928568,25.39755704066322,25.463450643647903,25.29907000209783,25.0
26.121877494417195,26.269363524850544,26.026002543323216,26.28102720199545,26.027020257246054,26.0
27.355058315771004,27.394951798161657,27.257655936480777,27.319507894211124,27.00426918804343,27.0
28.098106182303756,28.26202714728843,28.186339773593872,28.46130289831976,28.28018962678541,28.0
29.245142983057526,29.2516325718812,29.450524150182062,29.154887502932763,29.32213847276991,29.0
30.404180515362196,30.25552225738574,30.036287486904126,30.338086240451176,30.389115216069598,30.0
31.270575509540905,31.46342853148775,31.36858774743376,31.39643043909613,31.11375184601864,31.0
32.32428341801158,32.08830698128266,32.19929086885888,32.07180163164711,32.35636919487135,32.0
33.14020157199783,33.3172429940874,33.23458234934603,33.377703262921564,33.28591958105958,33.0
34.158497710996045,34.01978122029087,34.039486826389336,34.08514674970196,34.186418438180745,34.0
35.38102029433136,35.229851703388746,35.34976089783319,35.287924191020885,35.46090493551716,35.0
36.37884998262664,36.24457243756881,36.37944448044581,36.40339507811844,36.04578662488909,36.0
37.19368812205598,37.33003563635152,37.40566386331192,37.39566157089243,37.266060813586826,37.0
38.06714599310964,38.166211697546245,38.194937251260185,38.246093243876956,38.14718353418215,38.0
39.457609932317446,39.39336311991292,39.03808328732817,39.16697629061434,39.21634681975933,39.0
40.02385258939909,40.13587511112929,40.31106051953278,40.260564648658516,40.1900867986621,40.0
41.09347919549239,41.2043198333574,41.413241106593524,41.328302782208766,41.20500676423041,41.0
42.01109534106012,42.30715706015414,42.381443555640836,42.45403521472071,42.21671730332008,42.0
43.027351424185575,43.07406342830504,43.031535556559135,43.10667351339025,43.09905871880475,43.0
44.219020093497676,44.03328314798018,44.289562584388435,44.07602386678296,44.06518375833978,44.0
45.057223020429696,45.3103157266797,45.360515218493795,45.07504317820168,45.13591925393585,45.0
46.262159075753175,46.16442403552761,46.000186758322414,46.22573346099785,46.46945280354761,46.0
47.45627996414182,47.047687233799195,47.446439913553505,47.21176658712004,47.327498546957216,47.0
48.45334434394214,48.029753145224134,48.26818911189737,48.07180277653367,48.10994335342634,48.0
49.059101057671306,49.01208340022974,49.316430116864744,49.294878103262874,49.49560449446025,49.0
50.23919810075596,50.15492342560822,50.47752744473122,50.09254685176729,50.03637357913633,50.0
51.04431314822952,51.172003445485565,51.034192594622084,51.045579859961805,51.4427444375337,51.0
52.043255954251116,52.11346298279475,52.087278630774826,52.221423496601986,52.115907431429,52.0
53.15635086776331,53.49555096481427,53.20026870342198,53.17103739334488,53.36978374095452,53.0
54.416590606670624,54.14369933846158,54.30345259715947,54.31484049264196,54.22195638634595,54.0
55.31019306288864,55.31391735799832,55.12865062583147,55.01424061074611,55.213500057004175,55.0
56.096935280861345,56.247795730647795,56.44437019377339,56.2476423488775,56.13610465099485,56.0
57.185396122279606,57.170374425861624,57.056737365501235,57.309254517738985,57.07182336231459,57.0
58.020325063401565,58.38891225227981,58.082144786689305,58.044466045558366,58.39165802839664,58.0
59.30298833641443,59.06054305139766,59.14252202252591,59.103212526987136,59.16458511994066,59.0
60.16033451118139,60.07394909678143,60.02994894364361,60.0660214054442,60.43266226955608,60.0
61.23033783042818,61.33307321267788,61.24046108620485,61.224162822519986,61.29698934525595,61.0
62.06658013281899,62.17834646297756,62.33137002921181,62.40548032100848,62.11388088881396,62.0
63.45116970725436,63.49158784219731,63.04484345373478,63.32442248739547,63.01280924467784,63.0
64.37737455195756,64.11095417100233,64.37166989730343,64.41218674329389,64.47870880184519,64.0
65.0380106316512,65.2569480435957,65.04011060789419,65.10110970387146,65.06018390417681,65.0
66.43111011269555,66.30779915585536,66.26593220561891,66.00342379846434,66.35355459946179,66.0
67.33534183008227,67.0463340559919,67.08978264072141,67.44192842746146,67.14247039006422,67.0
68.41692677068758,68.28367909914239,68.48991965261058,68.32534929199267,68.4508417573613,68.0
69.49826248806663,69.21053898068016,69.07271590613935,69.04716087975396,69.48694614355884,69.0
70.28113543541595,70.4385741831661,70.12500611282287,70.28501684983571,70.44670360648138,70.0
71.42147233682128,71.1089005349741,71.08616585597446,71.25234131653546,71.30155310653481,71.0
72.41367553738128,72.07438509454774,72.21644649501808,72.27214933816437,72.39071408412937,72.0
73.29692995978169,73.40208749008099,73.00622349522155,73.0775128494332,73.15227669011135,73.0
74.37792686434342,74.3789290813128,74.46279782400056,74.11644005257916,74.0051385350196,74.0
75.2777541453134,75.45890096919614,75.17424371097499,75.1951424457148,75.02166762730195,75.0
76.26457848691594,76.44539288397459,76.1153806718549,76.23253166122336,76.25214555486691,76.0
77.2388235240016,77.0572756450857,77.36081680074327,77.14209266254275,77.36015523753417,77.0
78.1456925537007,78.485410106194,78.15790876113392,78.40769385195965,78.42664426215798,78.0
79.49253807747678,79.0812477567877,79.32723306314266,79.0641396043891,79.09801216096608,79.0
80.12705549196379,80.16419875463643,80.07730823505574,80.38686476414432,80.01702672204397,80.0
81.48386275465286,81.43390694711574,81.21757005263744,81.17680022673643,81.01116816235738,81.0
82.43464210248428,82.34589245156721,82.27326862947498,82.39922313745447,82.24979141648608,82.0
83.0386836667466,83.24700808114721,83.11366065878198,83.04886523420454,83.48258795575593,83.0
84.33782670373837,84.1833276101127,84.24814249481088,84.1934805109582,84.01126435362099,84.0
85.22088442923176,85.48122827603748,85.33112763749102,85.20778847759486,85.41793146041964,85.0
86.1154077255385,86.26613807814903,86.3612676657244,86.29823047685599,86.28747286154648,86.0
87.44562691901449,87.00746988927224,87.3895615861003,87.01039928183005,87.4844043244878,87.0
88.23416287790204,88.09425129454283,88.33869385647975,88.05661612657252,88.42192527530926,88.0
89.31911359496571,89.41029447375163,89.37153504546485,89.37133476287747,89.07292939751761,89.0
90.47182290991469,90.08720139666245,90.29219123230419,90.03584382917498,90.07194628281879,90.0
91.25346005841418,91.3399875737878,91.0968393017761,91.07472909965186,91.47966913505473,91.0
92.37202673942163,92.07741986461394,92.21139853669219,92.2355355192385,92.089515528141,92.0
93.15846999947664,93.002632527936,93.06375129994895,93.37732637000349,93.14929454039746,93.0
94.4808602538966,94.41648312364009,94.20406261571968,94.34154438239062,94.40728981852673,94.0
95.01218950057859,95.02693744183317,95.31381597062355,95.48042532698383,95.33147300266708,95.0
96.24933856589608,96.12528915766059,96.1739903744327,96.44282325481008,96.33521356066711,96.0
97.33071021184551,97.2217836491485,97.07357727633998,97.2076382614423,97.34361957804059,97.0
98.42843517645952,98.18681683235431,98.44191779568658,98.27525147115556,98.2601678696833,98.0
99.01227858365856,99.02803332454691,99.43941296306258,99.07529584519956,99.23196313335185,99.0
0.3327471526314364,0.01951768973249729,0.03186239829007481,0.30032208546642913,0.3363137067114321,0.0
1.0810443360067472,1.371082007650003,1.1100726521097304,1.1747505540486545,1.181345919852547,1.0
2.111597599995029,2.2317889383706797,2.33789950936127,2.2218871671619933,2.4388284041797315,2.0
3.4164172788773457,3.421623980931968,3.045430934951039,3.2989486522590123,3.427659081295121,3.0
4.088387018190789,4.44079858488791,4.311116265606603,4.32057157710105,4.495456141329335,4.0
5.382704566608723,5.240862808338049,5.377893744294513,5.173380007232276,5.4722352508713366,5.0
6.037190231399046,6.43953571240117,6.394066444479756,6.0694670151203765,6.493048538978915,6.0
7.4598263748076254,7.4229861274547515,7.0586524807735245,7.395810386476747,7.346840841184899,7.0
8.090409980970993,8.204092418667251,8.328208095935263,8.058946352582915,8.095717906045037,8.0
9.22774676467889,9.32245486767782,9.06032830780712,9.41700715247732,9.292041013846088,9.0
10.32166224548981,10.457261549455392,10.445019932208439,10.497265207458586,10.092795580392659,10.0
11.089992945495766,11.116146616156382,11.073034518186693,11.060496092758983,11.356481001483523,11.0
12.36311895438223,12.228585032805922,12.292538290446597,12.137865441206452,12.19596365970934,12.0
13.305153505223807,13.235879130803921,13.475103916983116,13.2296833011701,13.353162958506097,13.0
14.168815234627717,14.338615447475,14.124519293789287,14.044354603614872,14.433896314104112,14.0
15.129064127022934,15.232222893132034,15.249875376007406,15.385921070356474,15.451559593175052,15.0
16.37859917818502,16.105000264685163,16.42655107122013,16.32067478078944,16.021318961206227,16.0
17.17630916089814,17.421051318799886,17.148631865298487,17.42300713457589,17.363167419786016,17.0
18.48015877485832,18.340445201510967,18.407169320895083,18.256510358606974,18.228992721190302,18.0
19.167293290103938,19.172692859211534,19.237989156631198,19.09949945474585,19.30062619554592,19.0
20.263895143679946,20.235912246970766,20.49305442462356,20.185698523022147,20.330862434585008,20.0
21.467457463062235,21.046803039272515,21.328853525276834,21.205872863308265,21.14615510964412,21.0
22.183746505454202,22.188034826458583,22.05954051790311,22.07946938037915,22.382898337600913,22.0
23.39619840276021,23.02759883520478,23.14544189596439,23.264057480223183,23.14812970671766,23.0
24.363210907294214,24.020774715107994,24.452568402525717,24.220043572097993,24.341536978815636,24.0
25.245330622068334,25.148171040035106,25.48395180872048,25.14392926787583,25.283891106064843,25.0
26.37578347739147,26.15284462699693,26.199586581321597,26.295808710505447,26.23866284425222,26.0
27.440310034604927,27.1160076063048,27.121408709052087,27.06895399429073,27.02070339288674,27.0
28.435197247621936,28.435760856113866,28.10111403018982,28.340260451437942,28.173173858396932,28.0
29.040324910706463,29.135699075315067,29.47039670993008,29.420466309713415,29.32297945086993,29.0
30.3735505261044,30.326320465042006,30.084578258860216,30.052220205396008,30.30266558710715,30.0
31.02682966037836,31.099238835834317,31.442454453002345,31.20073688372935,31.453223911530962,31.0
32.42075571279266,32.32324616679042,32.074919956962745,32.23231467720098,32.10236953175172,32.0
33.060979655251046,33.40758053626976,33.378486280413526,33.33471780163973,33.37184260388292,33.0
34.41893292204985,34.09933256941598,34.39059960490622,34.232922626527085,34.05403024351895,34.0
35.08082447140533,35.36512777596527,35.24838362072316,35.4588346404942,35.377855055255516,35.0
36.059282633927715,36.35388856622141,36.33442721115497,36.18124530722221,36.415408020242886,36.0
37.035170816724545,37.2492737041107,37.034124314937536,37.204132397089964,37.140592629925905,37.0
38.25086825244072,38.466657402318305,38.21579203142935,38.04683380138672,38.41832005667746,38.0
39.33053016212365,39.072084446114026,39.192374065561005,39.319954732280664,39.07343295458868,39.0
40.3702197822566,40.01072648269631,40.10857678500337,40.082721030151056,40.4875954052285,40.0
41.269597635393694,41.357890029883905,41.05017429392178,41.26265062121012,41.228182733052975,41.0
42.06047394946431,42.38025538757672,42.1385644097376,42.408492188095806,42.4737617541167,42.0
43.07297591319304,43.05220717935235,43.39803575034299,43.38351485013054,43.10335325375388,43.0
44.25822159937516,44.35312680904281,44.01815247565284,44.063003090215055,44.35742052027345,44.0
45.08856570954773,45.108916299637926,45.49766158425003,45.10698227094171,45.02918855949677,45.0
46.319915477282095,46.25856998017056,46.15749051834915,46.235960387457105,46.34163822732818,46.0
47.393242899877045,47.486638488647024,47.47980034042825,47.357555413365425,47.06739226312604,47.0
48.38605160901842,48.11989722091481,48.414276600243944,48.42535685779639,48.05513357384383,48.0
49.4717353484237,49.279287754564606,49.17705751408425,49.32225859871181,49.027232811897434,49.0
50.23106891139651,50.27950208993324,50.45587137116295,50.290690004175396,50.00308720007476,50.0
51.275899050634145,51.452170755649,51.126250504819545,51.49854483282227,51.31176954124206,51.0
52.44600388758511,52.07000064406028,52.29464069492932,52.42683810820594,52.492962303594155,52.0
53.401367869854,53.430152878145726,53.06751368530249,53.02832656905501,53.11137679751457,53.0
54.33658878467544,54.39222227132541,54.38336781957231,54.31828294273581,54.38105102979798,54.0
55.477346199553395,55.427273577325174,55.39460358660923,55.04825942257688,55.0103336333791,55.0
56.26985157915043,56.240507270445285,56.472790059455626,56.232161015457244,56.385711742245114,56.0
57.245970457255524,57.17920133172052,57.44078019449495,57.033016089419334,57.268611278306835,57.0
58.27293708526215,58.173203171291384,58.107535462484165,58.41647499400311,58.46058970484245,58.0
59.03606353427183,59.47587647901315,59.427713435623936,59.22219979017693,59.33665892504681,59.0
60.25857463283968,60.24271745408373,60.28963589808668,60.21887093439447,60.35871874778365,60.0
61.38545123909126,61.19056552444563,61.03554517167735,61.16254491825677,61.289660931932765,61.0
62.15379568828353,62.0993195245761,62.3401706957565,62.23413752164221,62.40402347569533,62.0
63.45387345758133,63.02492227688554,63.037837012553275,63.20839551110751,63.05423649430023,63.0
64.37692787490687,64.24495229684418,64.32681130524936,64.21340290961918,64.27186459865784,64.0
65.39829231327948,65.3270839088888,65.25689922879033,65.28497996154297,65.44353321929668,65.0
66.19263177670844,66.14639650161136,66.12982782372833,66.35393826509505,66.15634110554963,66.0
67.02084034455092,67.13739420326483,67.04392787338408,67.30023346670471,67.34591521390827,67.0
68.08313663321277,68.3051850925305,68.0139050290249,68.37132351424009,68.07349846318562,68.0
69.34280921160992,69.4172355252992,69.47552033634938,69.27493158385155,69.47280807460632,69.0
70.31855946035873,70.06977145285336,70.12199188876302,70.29665038927213,70.13121210456409,70.0
71.04798024019037,71.32907291276621,71.14121502736356,71.42503650875031,71.4641975019667,71.0
72.3639642217924,72.34353662189378,72.39935046109473,72.03281896249793,72.40530990261622,72.0
73.12229062155927,73.4455211607468,73.35295829226085,73.39862103216977,73.11198259284431,73.0
74.12910956182968,74.0976062136179,74.23181348234411,74.1742998311319,74.20337607260242,74.0
75.21589038403123,75.02870138017872,75.20085528927727,75.44627943685141,75.40040456267644,75.0
76.29109009035173,76.1432190510964,76.0431690475841,76.45333976946851,76.39624425756372,76.0
77.46005159834388,77.38169777004754,77.18820488706704,77.25732835337112,77.49164509479776,77.0
78.07138684604415,78.43056401257043,78.24714756702977,78.206781898927,78.29443974461061,78.0
79.41959946442016,79.00421138731929,79.49040601535535,79.44522581567506,79.06376205535517,79.0
80.46645215394321,80.04933522800475,80.09314700229824,80.42088879573362,80.3548497172074,80.0
81.44046600801953,81.33439323721844,81.05466412382287,81.05894354971775,81.35502718905913,81.0
82.4368755196108,82.02714361119904,82.01793014650625,82.25305895110752,82.4542043264713,82.0
83.05857259832698,83.47776558971647,83.03315096629771,83.01366843657512,83.28794417846215,83.0
84.46437285586518,84.03674505926706,84.33273357786464,84.10386851398876,84.35817557168018,84.0
85.03382984751788,85.20375969506264,85.2661191410207,85.27264569459177,85.45898003735297,85.0
86.42760201192417,86.1532552336116,86.15503680402207,86.28596073960067,86.10744657596804,86.0
87.16993598706155,87.22850455410413,87.39283476299038,87.0504844195031,87.10167065417562,87.0
88.2072497561684,88.3956909618452,88.09665290819653,88.3034444492953,88.39327393097749,88.0
89.03907988661172,89.48154687085662,89.28621681043408,89.48450369752426,89.04919006105249,89.0
90.27681171202258,90.3584955731163,90.36664810657264,90.21844210770269,90.33768735530373,90.0
91.4075362865527,91.06067573513569,91.32708148668142,91.08819818842828,91.14180608945794,91.0
92.35427173531139,92.48630332945545,92.32066176848465,92.18531467572582,92.12966934193463,92.0
93.21206665175814,93.088690963505,93.25315977868755,93.10474722677931,93.03567740450796,93.0
94.34030227529433,94.16246129537447,94.4598373875887,94.19369200719787,94.0637740588217,94.0
95.28998922428512,95.39157582782605,95.46509365684021,95.14173587939327,95.22513295265753,95.0
96.45191743544541,96.2100245418881,96.1780495022921,96.06328652910116,96.36499937304097,96.0
97.39916631375914,97.1868260962975,97.39168472821532,97.01067602519008,97.43965634119066,97.0
98.24029738780645,98.46927182189653,98.3282053216545,98.32543959299383,98.22694816696783,98.0
99.40250016106143,99.2790134234051,99.4537519341069,99.3554775744794,99.44529807887062,99.0
